<application>
  <component name="AdvancedSettings">
    <option name="settings">
      <map>
        <entry key="bigger.font.in.project.view" value="true" />
        <entry key="documentation.components.enable.highlighting.of.links" value="true" />
        <entry key="documentation.components.enable.inline.code.highlighting" value="true" />
        <entry key="git.clone.recurse.submodules" value="false" />
        <entry key="git.update.incoming.outgoing.info" value="false" />
        <entry key="git.use.push.force.with.lease" value="false" />
        <entry key="searcheverywhere.ml.sort.files" value="true" />
        <entry key="vcs.annotations.preload" value="true" />
        <entry key="vcs.commit.tool.window" value="false" />
      </map>
    </option>
  </component>
</application>