<application>
  <component name="AIAssistantPromptLibraryStorage">
    <option name="prompts">
      <map>
        <entry key="88bcbc9d-92a4-4442-a6c3-069ff8d45d1f">
          <value>
            <AIAssistantStoredPrompt>
              <option name="hasCustomTitle" value="true" />
              <option name="id" value="88bcbc9d-92a4-4442-a6c3-069ff8d45d1f" />
              <option name="name" value="What does it means?" />
              <option name="content" value="What does $SELECTION means?" />
            </AIAssistantStoredPrompt>
          </value>
        </entry>
        <entry key="builtin_findproblems">
          <value>
            <AIAssistantStoredPrompt>
              <option name="builtIn" value="true" />
              <option name="hasCustomTitle" value="true" />
              <option name="id" value="builtin_findproblems" />
              <option name="name" value="Find Problems" />
              <option name="priority" value="100500" />
              <option name="showInInput" value="false" />
              <option name="content" value="Find potential problems in $SELECTION" />
            </AIAssistantStoredPrompt>
          </value>
        </entry>
        <entry key="builtin_newchat">
          <value>
            <AIAssistantStoredPrompt>
              <option name="builtIn" value="true" />
              <option name="hasCustomTitle" value="true" />
              <option name="id" value="builtin_newchat" />
              <option name="name" value="New Chat Using Selection" />
              <option name="priority" value="100500" />
              <option name="showInInput" value="false" />
              <option name="showInPopup" value="false" />
              <option name="content" value="Explain `$SELECTION` like the excellent O'Reilly book." />
            </AIAssistantStoredPrompt>
          </value>
        </entry>
      </map>
    </option>
  </component>
</application>