<application>
  <component name="AIAssistantPromptLibraryStorage">
    <option name="prompts">
      <map>
        <entry key="builtin_findproblems">
          <value>
            <AIAssistantStoredPrompt>
              <option name="builtIn" value="true" />
              <option name="content" value="Find potential problems in $SELECTION" />
              <option name="hasCustomTitle" value="true" />
              <option name="id" value="builtin_findproblems" />
              <option name="name" value="Find Problems" />
              <option name="priority" value="100500" />
              <option name="showInInput" value="false" />
            </AIAssistantStoredPrompt>
          </value>
        </entry>
        <entry key="builtin_newchat">
          <value>
            <AIAssistantStoredPrompt>
              <option name="builtIn" value="true" />
              <option name="content" value="Explain `$SELECTION` like the excellent O'Reilly book." />
              <option name="hasCustomTitle" value="true" />
              <option name="id" value="builtin_newchat" />
              <option name="name" value="Explain `selection` like the excellent O'Reilly book." />
              <option name="priority" value="100500" />
              <option name="showInInput" value="false" />
              <option name="waitForInput" value="true" />
            </AIAssistantStoredPrompt>
          </value>
        </entry>
      </map>
    </option>
  </component>
</application>