<application>
  <component name="com.intellij.ide.ui.customization.CustomActionsSchema">
    <group seperator="true" action_type="-1" position="25">
      <path value="root" />
      <path value="Main Menu" />
      <path value="Code" />
      <option name="myInitialPosition" value="-1" />
    </group>
    <group seperator="true" action_type="-1" position="24">
      <path value="root" />
      <path value="Main Menu" />
      <path value="Code" />
      <option name="myInitialPosition" value="-1" />
    </group>
    <group seperator="true" action_type="-1" position="17">
      <path value="root" />
      <path value="Main Menu" />
      <path value="Code" />
      <option name="myInitialPosition" value="-1" />
    </group>
    <group seperator="true" action_type="-1" position="14">
      <path value="root" />
      <path value="Main Menu" />
      <path value="Code" />
      <option name="myInitialPosition" value="-1" />
    </group>
    <group seperator="true" action_type="-1" position="14">
      <path value="root" />
      <path value="Main Menu" />
      <path value="Code" />
      <path value="Folding" />
      <option name="myInitialPosition" value="-1" />
    </group>
    <group seperator="true" action_type="-1" position="12">
      <path value="root" />
      <path value="Main Menu" />
      <path value="Code" />
      <option name="myInitialPosition" value="-1" />
    </group>
    <group seperator="true" action_type="-1" position="12">
      <path value="root" />
      <path value="Main Menu" />
      <path value="Code" />
      <path value="Folding" />
      <option name="myInitialPosition" value="-1" />
    </group>
    <group value="LanguageSpecificFoldingGroup" is_group="true" forse_popup="false" action_type="-1" position="11">
      <path value="root" />
      <path value="Main Menu" />
      <path value="Code" />
      <path value="Folding" />
      <option name="myInitialPosition" value="-1" />
    </group>
    <group seperator="true" action_type="-1" position="10">
      <path value="root" />
      <path value="Main Menu" />
      <path value="Code" />
      <path value="Folding" />
      <option name="myInitialPosition" value="-1" />
    </group>
    <group seperator="true" action_type="-1" position="9">
      <path value="root" />
      <path value="Main Menu" />
      <path value="Code" />
      <option name="myInitialPosition" value="-1" />
    </group>
    <group value="ToolsMenu" is_group="true" forse_popup="false" action_type="-1" position="8">
      <path value="root" />
      <path value="Main Menu" />
      <option name="myInitialPosition" value="-1" />
    </group>
    <group seperator="true" action_type="-1" position="7">
      <path value="root" />
      <path value="Main Menu" />
      <path value="Code" />
      <path value="Code Completion" />
      <option name="myInitialPosition" value="-1" />
    </group>
    <group seperator="true" action_type="-1" position="7">
      <path value="root" />
      <path value="Main Menu" />
      <path value="Code" />
      <path value="Folding" />
      <option name="myInitialPosition" value="-1" />
    </group>
    <group value="BuildMenu" is_group="true" forse_popup="false" action_type="-1" position="6">
      <path value="root" />
      <path value="Main Menu" />
      <option name="myInitialPosition" value="-1" />
    </group>
    <group seperator="true" action_type="-1" position="6">
      <path value="root" />
      <path value="Main Menu" />
      <path value="Code" />
      <option name="myInitialPosition" value="-1" />
    </group>
    <group value="InspectCodeInCodeMenuGroup" is_group="true" forse_popup="false" action_type="-1" position="5">
      <path value="root" />
      <path value="Main Menu" />
      <path value="Code" />
      <option name="myInitialPosition" value="-1" />
    </group>
    <group value="CodeMenu" is_group="true" forse_popup="false" action_type="-1" position="4">
      <path value="root" />
      <path value="Main Menu" />
      <option name="myInitialPosition" value="-1" />
    </group>
    <group seperator="true" action_type="-1" position="4">
      <path value="root" />
      <path value="Main Menu" />
      <path value="Code" />
      <path value="Code Completion" />
      <option name="myInitialPosition" value="-1" />
    </group>
    <group seperator="true" action_type="-1" position="3">
      <path value="root" />
      <path value="Main Menu" />
      <path value="Code" />
      <option name="myInitialPosition" value="-1" />
    </group>
    <group seperator="true" action_type="-1" position="3">
      <path value="root" />
      <path value="Main Menu" />
      <path value="Code" />
      <path value="Folding" />
      <option name="myInitialPosition" value="-1" />
    </group>
    <group seperator="true" action_type="-1" position="2">
      <path value="root" />
      <path value="Main Menu" />
      <path value="Code" />
      <path value="Code Completion" />
      <option name="myInitialPosition" value="-1" />
    </group>
    <group value="AIAssistant.ToolsDropdown" is_group="true" forse_popup="false" action_type="-1" position="0">
      <path value="root" />
      <path value="Main Menu" />
      <path value="Tools" />
      <option name="myInitialPosition" value="-1" />
    </group>
    <group value="WS.SaveFileAsTemplate" is_group="true" forse_popup="false" action_type="-1" position="0">
      <path value="root" />
      <path value="Main Menu" />
      <path value="Tools" />
      <path value="Tools Basic Group" />
      <option name="myInitialPosition" value="-1" />
    </group>
    <group value="PsiViewer" is_action="true" action_type="1" position="0">
      <path value="root" />
      <path value="Main Menu" />
      <path value="Tools" />
      <option name="myInitialPosition" value="-1" />
    </group>
    <group value="SaveProjectAsTemplate" is_action="true" action_type="1" position="0">
      <path value="root" />
      <path value="Main Menu" />
      <path value="Tools" />
      <path value="Tools Basic Group" />
      <option name="myInitialPosition" value="-1" />
    </group>
    <group value="PsiViewerForContext" is_action="true" action_type="1" position="1">
      <path value="root" />
      <path value="Main Menu" />
      <path value="Tools" />
      <option name="myInitialPosition" value="-1" />
    </group>
    <group value="ManageProjectTemplates" is_action="true" action_type="1" position="1">
      <path value="root" />
      <path value="Main Menu" />
      <path value="Tools" />
      <path value="Tools Basic Group" />
      <option name="myInitialPosition" value="-1" />
    </group>
    <group value="Vcs.ShowTabbedFileHistory" is_action="true" action_type="1" position="1">
      <path value="root" />
      <path value="Main Toolbar" />
      <path value="Left" />
      <path value="VCS Group" />
      <option name="myInitialPosition" value="-1" />
    </group>
    <group value="InspectCodeGroup" is_group="true" forse_popup="false" action_type="1" position="4">
      <path value="root" />
      <path value="Main Menu" />
      <path value="Code" />
      <option name="myInitialPosition" value="-1" />
    </group>
    <group value="AnalyzeActionsPopup" is_group="true" forse_popup="false" action_type="1" position="5">
      <path value="root" />
      <path value="Main Menu" />
      <path value="Code" />
      <option name="myInitialPosition" value="-1" />
    </group>
    <group value="Unscramble" is_action="true" action_type="1" position="6">
      <path value="root" />
      <path value="Main Menu" />
      <path value="Code" />
      <option name="myInitialPosition" value="-1" />
    </group>
    <group value="ExpandDocComments" is_action="true" action_type="1" position="8">
      <path value="root" />
      <path value="Main Menu" />
      <path value="Code" />
      <path value="Folding" />
      <option name="myInitialPosition" value="-1" />
    </group>
    <group value="ToolsMenu" is_group="true" forse_popup="true" action_type="1" position="9">
      <path value="root" />
      <path value="Main Menu" />
      <option name="myInitialPosition" value="-1" />
    </group>
    <group value="CollapseDocComments" is_action="true" action_type="1" position="9">
      <path value="root" />
      <path value="Main Menu" />
      <path value="Code" />
      <path value="Folding" />
      <option name="myInitialPosition" value="-1" />
    </group>
    <group value="CodeMenu" is_group="true" forse_popup="true" action_type="1" position="10">
      <path value="root" />
      <path value="Main Menu" />
      <option name="myInitialPosition" value="-1" />
    </group>
  </component>
</application>