<application>
  <component name="com.intellij.ide.ui.customization.CustomActionsSchema">
    <group value="TW.MoveToGroup" is_group="true" forse_popup="false" action_type="-1" position="10">
      <path value="root" />
      <path value="Main Menu" />
      <path value="Window" />
      <path value="Active Tool Window" />
      <option name="myInitialPosition" value="-1" />
    </group>
    <group value="ToolsMenu" is_group="true" forse_popup="false" action_type="-1" position="8">
      <path value="root" />
      <path value="Main Menu" />
      <option name="myInitialPosition" value="-1" />
    </group>
    <group value="BuildMenu" is_group="true" forse_popup="false" action_type="-1" position="6">
      <path value="root" />
      <path value="Main Menu" />
      <option name="myInitialPosition" value="-1" />
    </group>
    <group value="Github.Open.In.Browser" is_group="true" forse_popup="false" action_type="-1" position="5">
      <path value="root" />
      <path value="Main Menu" />
      <path value="Git" />
      <path value="Git.MainMenu" />
      <path value="GitHub" />
      <option name="myInitialPosition" value="-1" />
    </group>
    <group seperator="true" action_type="-1" position="5">
      <path value="root" />
      <path value="Main Menu" />
      <path value="Tools" />
      <path value="XML Actions" />
      <option name="myInitialPosition" value="-1" />
    </group>
    <group value="CodeMenu" is_group="true" forse_popup="false" action_type="-1" position="4">
      <path value="root" />
      <path value="Main Menu" />
      <option name="myInitialPosition" value="-1" />
    </group>
    <group seperator="true" action_type="-1" position="4">
      <path value="root" />
      <path value="Main Menu" />
      <path value="Tools" />
      <option name="myInitialPosition" value="-1" />
    </group>
    <group value="Git.Ignore.File" is_group="true" forse_popup="false" action_type="-1" position="2">
      <path value="root" />
      <path value="Main Menu" />
      <path value="Git" />
      <path value="Vcs.MainMenu" />
      <path value="VCS Group" />
      <path value="Git" />
      <path value="Git.FileActions" />
      <option name="myInitialPosition" value="-1" />
    </group>
    <group value="Git.Ignore.File" is_group="true" forse_popup="false" action_type="-1" position="2">
      <path value="root" />
      <path value="Main Menu" />
      <path value="Git" />
      <path value="Git.MainMenu" />
      <path value="Git.MainMenu.FileActions" />
      <path value="Git.FileActions" />
      <option name="myInitialPosition" value="-1" />
    </group>
    <group seperator="true" action_type="-1" position="2">
      <path value="root" />
      <path value="Main Menu" />
      <path value="Tools" />
      <path value="Rust" />
      <path value="Show Macro Expansion" />
      <option name="myInitialPosition" value="-1" />
    </group>
    <group value="ImportTests" is_group="true" forse_popup="false" action_type="-1" position="1">
      <path value="root" />
      <path value="Main Menu" />
      <path value="Run" />
      <path value="RunTestGroup" />
      <path value="SmRunTestGroup" />
      <option name="myInitialPosition" value="-1" />
    </group>
    <group value="ImportProfilerResultsFromHistory" is_group="true" forse_popup="false" action_type="-1" position="1">
      <path value="root" />
      <path value="Main Menu" />
      <path value="Run" />
      <path value="ProfilerActions" />
      <option name="myInitialPosition" value="-1" />
    </group>
    <group value="Dev.PsiViewerActions" is_group="true" forse_popup="false" action_type="-1" position="0">
      <path value="root" />
      <path value="Main Menu" />
      <path value="Tools" />
      <option name="myInitialPosition" value="-1" />
    </group>
    <group value="WS.SaveFileAsTemplate" is_group="true" forse_popup="false" action_type="-1" position="0">
      <path value="root" />
      <path value="Main Menu" />
      <path value="Tools" />
      <path value="Tools Basic Group" />
      <option name="myInitialPosition" value="-1" />
    </group>
    <group value="PsiViewer" is_action="true" action_type="1" position="0">
      <path value="root" />
      <path value="Main Menu" />
      <path value="Tools" />
      <option name="myInitialPosition" value="-1" />
    </group>
    <group value="SaveProjectAsTemplate" is_action="true" action_type="1" position="0">
      <path value="root" />
      <path value="Main Menu" />
      <path value="Tools" />
      <path value="Tools Basic Group" />
      <option name="myInitialPosition" value="-1" />
    </group>
    <group value="ImportTests" is_group="true" forse_popup="false" action_type="1" position="1">
      <path value="root" />
      <path value="Main Menu" />
      <path value="Run" />
      <path value="RunTestGroup" />
      <path value="SmRunTestGroup" />
      <option name="myInitialPosition" value="-1" />
    </group>
    <group value="ImportProfilerResultsFromHistory" is_group="true" forse_popup="false" action_type="1" position="1">
      <path value="root" />
      <path value="Main Menu" />
      <path value="Run" />
      <path value="ProfilerActions" />
      <option name="myInitialPosition" value="-1" />
    </group>
    <group value="PsiViewerForContext" is_action="true" action_type="1" position="1">
      <path value="root" />
      <path value="Main Menu" />
      <path value="Tools" />
      <option name="myInitialPosition" value="-1" />
    </group>
    <group value="ManageProjectTemplates" is_action="true" action_type="1" position="1">
      <path value="root" />
      <path value="Main Menu" />
      <path value="Tools" />
      <path value="Tools Basic Group" />
      <option name="myInitialPosition" value="-1" />
    </group>
    <group value="Git.Ignore.File" is_group="true" forse_popup="false" action_type="1" position="2">
      <path value="root" />
      <path value="Main Menu" />
      <path value="Git" />
      <path value="Vcs.MainMenu" />
      <path value="VCS Group" />
      <path value="Git" />
      <path value="Git.FileActions" />
      <option name="myInitialPosition" value="-1" />
    </group>
    <group value="Git.Ignore.File" is_group="true" forse_popup="false" action_type="1" position="2">
      <path value="root" />
      <path value="Main Menu" />
      <path value="Git" />
      <path value="Git.MainMenu" />
      <path value="Git.MainMenu.FileActions" />
      <path value="Git.FileActions" />
      <option name="myInitialPosition" value="-1" />
    </group>
    <group value="Github.Open.In.Browser" is_group="true" forse_popup="false" action_type="1" position="5">
      <path value="root" />
      <path value="Main Menu" />
      <path value="Git" />
      <path value="Git.MainMenu" />
      <path value="GitHub" />
      <option name="myInitialPosition" value="-1" />
    </group>
    <group value="ToolsMenu" is_group="true" forse_popup="true" action_type="1" position="10">
      <path value="root" />
      <path value="Main Menu" />
      <option name="myInitialPosition" value="-1" />
    </group>
    <group value="TW.MoveToGroup" is_group="true" forse_popup="false" action_type="1" position="10">
      <path value="root" />
      <path value="Main Menu" />
      <path value="Window" />
      <path value="Active Tool Window" />
      <option name="myInitialPosition" value="-1" />
    </group>
  </component>
</application>