<application>
  <component name="com.intellij.ide.ui.customization.CustomActionsSchema">
    <group value="VcsGroups" is_group="true" action_type="-1" position="9">
      <path value="root" />
      <path value="Main Menu" />
      <option name="myInitialPosition" value="-1" />
    </group>
    <group value="BuildMenu" is_group="true" action_type="-1" position="6">
      <path value="root" />
      <path value="Main Menu" />
      <option name="myInitialPosition" value="-1" />
    </group>
    <group value="VcsToolbarActions" is_group="true" action_type="-1" position="0">
      <path value="root" />
      <path value="Main Toolbar" />
      <path value="MainToolBarSettings" />
      <option name="myInitialPosition" value="-1" />
    </group>
  </component>
</application>