<application>
  <component name="com.intellij.ide.ui.customization.CustomActionsSchema">
    <group value="Macros" is_group="true" forse_popup="false" action_type="-1" position="16">
      <path value="root" />
      <path value="Main Menu" />
      <path value="Edit" />
    </group>
    <group seperator="true" action_type="-1" position="14">
      <path value="root" />
      <path value="Main Menu" />
      <path value="Code" />
      <path value="Folding" />
    </group>
    <group seperator="true" action_type="-1" position="12">
      <path value="root" />
      <path value="Main Menu" />
      <path value="Code" />
      <path value="Folding" />
    </group>
    <group value="LanguageSpecificFoldingGroup" is_group="true" forse_popup="false" action_type="-1" position="11">
      <path value="root" />
      <path value="Main Menu" />
      <path value="Code" />
      <path value="Folding" />
    </group>
    <group seperator="true" action_type="-1" position="10">
      <path value="root" />
      <path value="Main Menu" />
      <path value="Code" />
      <path value="Folding" />
    </group>
    <group value="ProductivityFeatures" is_group="true" forse_popup="false" action_type="-1" position="9">
      <path value="root" />
      <path value="Main Menu" />
      <path value="Help" />
    </group>
    <group value="ToolsMenu" is_group="true" forse_popup="false" action_type="-1" position="8">
      <path value="root" />
      <path value="Main Menu" />
    </group>
    <group seperator="true" action_type="-1" position="7">
      <path value="root" />
      <path value="Main Menu" />
      <path value="Code" />
      <path value="Code Completion" />
    </group>
    <group seperator="true" action_type="-1" position="7">
      <path value="root" />
      <path value="Main Menu" />
      <path value="Code" />
      <path value="Folding" />
    </group>
    <group value="BuildMenu" is_group="true" forse_popup="false" action_type="-1" position="6">
      <path value="root" />
      <path value="Main Menu" />
    </group>
    <group value="InspectCodeInCodeMenuGroup" is_group="true" forse_popup="false" action_type="-1" position="6">
      <path value="root" />
      <path value="Main Menu" />
      <path value="Code" />
    </group>
    <group seperator="true" action_type="-1" position="4">
      <path value="root" />
      <path value="Main Menu" />
      <path value="Code" />
      <path value="Code Completion" />
    </group>
    <group seperator="true" action_type="-1" position="4">
      <path value="root" />
      <path value="Main Menu" />
      <path value="Help" />
      <path value="Diagnostic Tools" />
    </group>
    <group seperator="true" action_type="-1" position="3">
      <path value="root" />
      <path value="Main Menu" />
      <path value="Code" />
      <path value="Folding" />
    </group>
    <group seperator="true" action_type="-1" position="2">
      <path value="root" />
      <path value="Main Menu" />
      <path value="Code" />
      <path value="Code Completion" />
    </group>
    <group seperator="true" action_type="-1" position="1">
      <path value="root" />
      <path value="Main Menu" />
      <path value="Help" />
    </group>
    <group value="WS.SaveFileAsTemplate" is_group="true" forse_popup="false" action_type="-1" position="0">
      <path value="root" />
      <path value="Main Menu" />
      <path value="Tools" />
      <path value="Tools Basic Group" />
    </group>
    <group value="PsiViewer" is_action="true" action_type="1" position="0">
      <path value="root" />
      <path value="Main Menu" />
      <path value="Tools" />
    </group>
    <group value="SaveProjectAsTemplate" is_action="true" action_type="1" position="0">
      <path value="root" />
      <path value="Main Menu" />
      <path value="Tools" />
      <path value="Tools Basic Group" />
    </group>
    <group value="PsiViewerForContext" is_action="true" action_type="1" position="1">
      <path value="root" />
      <path value="Main Menu" />
      <path value="Tools" />
    </group>
    <group value="ManageProjectTemplates" is_action="true" action_type="1" position="1">
      <path value="root" />
      <path value="Main Menu" />
      <path value="Tools" />
      <path value="Tools Basic Group" />
    </group>
    <group value="Vcs.ShowTabbedFileHistory" is_action="true" action_type="1" position="1">
      <path value="root" />
      <path value="Main Toolbar" />
      <path value="Left" />
      <path value="VCS Group" />
    </group>
    <group value="InspectCodeGroup" is_group="true" forse_popup="false" action_type="1" position="4">
      <path value="root" />
      <path value="Main Menu" />
      <path value="Code" />
    </group>
    <group value="AnalyzeActionsPopup" is_group="true" forse_popup="false" action_type="1" position="5">
      <path value="root" />
      <path value="Main Menu" />
      <path value="Code" />
    </group>
    <group value="Macros" is_group="true" forse_popup="true" action_type="1" position="6">
      <path value="root" />
      <path value="Main Menu" />
    </group>
    <group value="Unscramble" is_action="true" action_type="1" position="6">
      <path value="root" />
      <path value="Main Menu" />
      <path value="Code" />
    </group>
    <group value="ShowTips" is_action="true" action_type="1" position="7">
      <path value="root" />
      <path value="Main Menu" />
      <path value="Help" />
    </group>
    <group value="ExpandDocComments" is_action="true" action_type="1" position="8">
      <path value="root" />
      <path value="Main Menu" />
      <path value="Code" />
      <path value="Folding" />
    </group>
    <group value="ProductivityGuide" is_action="true" action_type="1" position="8">
      <path value="root" />
      <path value="Main Menu" />
      <path value="Help" />
    </group>
    <group value="CollapseDocComments" is_action="true" action_type="1" position="9">
      <path value="root" />
      <path value="Main Menu" />
      <path value="Code" />
      <path value="Folding" />
    </group>
    <group value="ToolsMenu" is_group="true" forse_popup="true" action_type="1" position="10">
      <path value="root" />
      <path value="Main Menu" />
    </group>
    <group value="Macros" is_group="true" forse_popup="true" action_type="1" position="16">
      <path value="root" />
      <path value="Main Menu" />
      <path value="Edit" />
    </group>
  </component>
</application>