<application>
  <component name="DiffSettings">
    <option name="SHARED_SETTINGS">
      <SharedSettings>
        <option name="GO_TO_NEXT_FILE_ON_NEXT_DIFFERENCE" value="false" />
      </SharedSettings>
    </option>
  </component>
  <component name="ExternalDiffSettings">
    <option name="MIGRATE_OLD_SETTINGS" value="true" />
  </component>
  <component name="TextDiffSettings">
    <option name="PLACES_MAP">
      <entry key="VcsLogView">
        <PlaceSettings />
      </entry>
    </option>
    <option name="SHARED_SETTINGS">
      <SharedSettings>
        <option name="MERGE_LST_GUTTER_MARKERS" value="false" />
      </SharedSettings>
    </option>
  </component>
</application>