<application>
  <component name="CodeFoldingSettings">
    <option name="COLLAPSE_IMPORTS" value="false" />
    <option name="COLLAPSE_FILE_HEADER" value="false" />
  </component>
  <component name="CodeInsightSettings">
    <option name="AUTO_POPUP_PARAMETER_INFO" value="false" />
    <option name="PARAMETER_INFO_DELAY" value="100" />
    <option name="JAVADOC_INFO_DELAY" value="100" />
    <option name="HIGHLIGHT_SCOPE" value="true" />
  </component>
  <component name="CodeVisionSettings">
    <option name="codeVisionGroupToPosition">
      <map>
        <entry key="inheritors" value="Default" />
        <entry key="llm" value="Default" />
        <entry key="references" value="Top" />
        <entry key="vcs.code.vision" value="Default" />
      </map>
    </option>
    <option name="disabledCodeVisionProviderIds">
      <set>
        <option value="vcs.code.vision" />
      </set>
    </option>
  </component>
  <component name="DaemonCodeAnalyzerSettings" profile="My TypeScript Project Setting">
    <option name="SHOW_METHOD_SEPARATORS" value="true" />
  </component>
  <component name="DeclarativeInlayHintsSettings">
    <option name="disabledOptions">
      <set>
        <option value="js.type.hints#function.returns" />
        <option value="js.type.hints#non.paren.single.param" />
        <option value="js.type.hints#parameters.in.parens" />
        <option value="js.type.hints#variables.and.fields" />
        <option value="ts.type.hints#function.returns" />
        <option value="ts.type.hints#non.paren.single.param" />
        <option value="ts.type.hints#parameters.in.parens" />
        <option value="ts.type.hints#variables.and.fields" />
      </set>
    </option>
    <option name="providerIdToEnabled">
      <map>
        <entry key="js.chain.hints" value="true" />
        <entry key="js.type.hints" value="true" />
        <entry key="qodana.yaml.inspection.descriptions" value="true" />
        <entry key="ts.chain.hints" value="false" />
        <entry key="ts.enum.hints" value="false" />
        <entry key="ts.type.hints" value="false" />
      </map>
    </option>
  </component>
  <component name="EditorSettings">
    <option name="languageBreadcrumbsMap">
      <map>
        <entry key="CSS" value="true" />
        <entry key="HTML" value="true" />
        <entry key="JSON" value="true" />
        <entry key="JavaScript" value="true" />
        <entry key="LESS" value="true" />
        <entry key="Markdown" value="true" />
        <entry key="Rust" value="true" />
        <entry key="SASS" value="true" />
        <entry key="SCSS" value="true" />
        <entry key="TypeScript" value="true" />
        <entry key="XHTML" value="true" />
        <entry key="XML" value="true" />
        <entry key="yaml" value="true" />
      </map>
    </option>
    <option name="USE_SOFT_WRAPS" value="" />
    <option name="SOFT_WRAP_FILE_MASKS" value="*.md; *.txt; *.rst; *.adoc; *.ts; *.tsx; *.css; *.js;" />
    <option name="STRIP_TRAILING_SPACES" value="Whole" />
    <option name="SHOW_INSPECTION_WIDGET" value="false" />
    <option name="TOOLTIPS_DELAY_MS" value="300" />
    <option name="IS_RIGHT_MARGIN_SHOWN" value="false" />
    <option name="ARE_GUTTER_ICONS_SHOWN" value="false" />
    <option name="IS_FOLDING_OUTLINE_SHOWN" value="false" />
    <option name="IS_FOLDING_ENDINGS_SHOWN" value="true" />
    <option name="IS_WHITESPACES_SHOWN" value="true" />
    <option name="IS_INDENT_GUIDES_SHOWN" value="false" />
    <option name="IS_ANIMATED_SCROLLING" value="false" />
    <option name="IS_CAMEL_WORDS" value="true" />
    <option name="IS_DND_ENABLED" value="false" />
  </component>
  <component name="InlayHintsSettings">
    <option name="disabledHintProviderIds">
      <set>
        <option value="JavaScript.js.type.hints" />
        <option value="Rust.rust.type.hints" />
        <option value="TypeScript.ts.type.hints" />
      </set>
    </option>
    <option name="lastViewedProviderKeyId" value="CSS.codium.tests.generate" />
    <settingsMapElement>
      <JavaScript.js.type.hints>
        <Settings>
          <option name="showForInferredParameters" value="false" />
        </Settings>
      </JavaScript.js.type.hints>
      <TypeScript.ts.type.hints>
        <Settings>
          <option name="showForInferredParameters" value="false" />
        </Settings>
      </TypeScript.ts.type.hints>
      <Rust.rust.type.hints>
        <Settings>
          <option name="showForIterators" value="false" />
          <option name="showForLambdas" value="false" />
          <option name="showForPlaceholders" value="false" />
          <option name="showForVariables" value="false" />
        </Settings>
      </Rust.rust.type.hints>
    </settingsMapElement>
  </component>
  <component name="InlineCompletionOnboarding">
    <option name="onboardingFinished" value="true" />
  </component>
  <component name="InspectionProfileManager">
    <info color="be9117">
      <option name="BACKGROUND" value="52503a" />
      <option name="ERROR_STRIPE_COLOR" value="be9117" />
      <option name="EFFECT_TYPE" value="2" />
      <option name="myName" value="UNUSED ENTRY" />
      <option name="myVal" value="50" />
      <option name="myExternalName" value="UNUSED ENTRY" />
    </info>
  </component>
  <component name="JSEditorOptions">
    <option name="START_STRING_INTERPOLATION_ON_TYPING" value="true" />
  </component>
  <component name="JsonEditorOptions">
    <option name="COLON_MOVE_OUTSIDE_QUOTES" value="true" />
    <option name="COMMA_MOVE_OUTSIDE_QUOTES" value="true" />
  </component>
  <component name="LiveEditOptions" chromeAutoDelay="250" chromeUpdateJSOnChanges="true" restartIfHotSwapFailed="true" />
  <component name="TodoConfiguration">
    <pattern case-sensitive="true" pattern="\btodo\b.*" />
    <pattern case-sensitive="true" pattern="\bfixme\b.*" />
    <pattern case-sensitive="true" pattern="@TODO" />
    <pattern icon="question" useCustomColors="true" case-sensitive="true" pattern="@FIXME">
      <option name="FOREGROUND" value="8a851b" />
      <option name="FONT_TYPE" value="2" />
    </pattern>
  </component>
  <component name="XmlEditorOptions">
    <option name="showCssInlineColorPreview" value="true" />
  </component>
  <component name="XmlFoldingSettings">
    <option name="COLLAPSE_HTML_STYLE_ATTRIBUTE" value="false" />
    <option name="COLLAPSE_ENTITIES" value="false" />
    <option name="COLLAPSE_DATA_URI" value="false" />
  </component>
</application>