<application>
  <component name="FileTypeManager" version="19">
    <extensionMap>
      <mapping pattern="pre-commit" type="AUTO_DETECTED" />
      <mapping pattern="validate" type="AUTO_DETECTED" />
      <mapping pattern="AssetInfoView" type="AUTO_DETECTED" />
      <mapping pattern="test" type="AUTO_DETECTED" />
      <mapping pattern="typecheck.yml" type="AUTO_DETECTED" />
      <mapping ext="deploy" type="Dockerfile" />
      <mapping ext="job" type="Dockerfile" />
      <mapping ext="scheduler" type="Dockerfile" />
      <mapping pattern="index" type="ECMAScript 6" />
      <mapping pattern=".sequelizerc" type="ECMAScript 6" />
      <mapping pattern="plopfile.js" type="ECMAScript 6" />
      <hashBang value="*.snap" type="ECMAScript 6" />
      <mapping ext="lockb" type="JSON" />
      <mapping pattern="404" type="JavaScript" />
      <mapping pattern="aaa" type="PLAIN_TEXT" />
      <mapping pattern=".gitattributes" type="PLAIN_TEXT" />
      <mapping pattern=".env.sample" type="PLAIN_TEXT" />
      <mapping pattern="aa" type="PLAIN_TEXT" />
      <mapping pattern="env" type="PLAIN_TEXT" />
      <mapping pattern=".gitkeep" type="PLAIN_TEXT" />
      <mapping ext="dict" type="PLAIN_TEXT" />
      <mapping ext="mysql" type="PLAIN_TEXT" />
      <mapping ext="mp4" type="PLAIN_TEXT" />
      <mapping ext="hbs" type="TypeScript JSX" />
      <removed_mapping ext="dockerignore" approved="true" type="DockerIgnore file" />
      <removed_mapping ext="graphqlconfig" approved="true" type="JSON" />
      <removed_mapping ext="hbs" approved="true" type="Handlebars/Mustache" />
      <removed_mapping ext="ignore" approved="true" type="IgnoreLang file" />
      <removed_mapping ext="md" approved="true" type="PLAIN_TEXT" />
      <removed_mapping ext="ng" approved="true" type="HTML" />
      <removed_mapping ext="pdf" approved="true" type="Native" />
      <mapping pattern=".gitignore_global" type="Git file" />
      <mapping pattern=".npmrc" type="Pdf file" />
    </extensionMap>
  </component>
</application>