<application>
  <component name="ExplicitFeedbackState">
    <languageToSessions>
      <entry language="TypeScript JSX" sessions-count="30" />
      <entry language="ECMAScript 6" sessions-count="42" />
    </languageToSessions>
  </component>
  <component name="Full Line Inline Third Parties">
    <thirdParties>
      <entry id="com.github.copilot" is-enabled="true" />
    </thirdParties>
  </component>
  <component name="InlineShortcutChoice">
    <option name="choiceShownTimes" value="50" />
  </component>
  <component name="MLServerCompletionSettings">
    <option name="enable" value="false" />
  </component>
</application>