<application>
  <component name="GraziConfig">
    <option name="userDisabledRules">
      <set>
        <option value="LanguageTool.EN.COULDNT_CARELESS" />
        <option value="LanguageTool.EN.LAY_AROUND" />
        <option value="LanguageTool.EN.CA_PRP" />
        <option value="LanguageTool.EN.THE_ONLY_ON" />
        <option value="LanguageTool.EN.CONSTRUCTION_SIGHT" />
        <option value="LanguageTool.EN.MODAL_OF" />
        <option value="LanguageTool.EN.PEDAL_TO_THE_MEDAL" />
        <option value="LanguageTool.EN.DOWN_SIDE" />
        <option value="LanguageTool.EN.PAWN_OFF" />
        <option value="LanguageTool.EN.HAWAIIAN" />
        <option value="LanguageTool.EN.ALL_OVER_THE_WORD" />
        <option value="LanguageTool.EN.CONFUSION_GONG_GOING" />
        <option value="LanguageTool.EN.IF_WHICH" />
        <option value="LanguageTool.EN.ALZHEIMERS" />
        <option value="LanguageTool.EN.I_AM_NOTE_SURE" />
        <option value="LanguageTool.EN.BEING_BEGIN" />
        <option value="LanguageTool.EN.HALO_HALLO" />
        <option value="LanguageTool.EN.NEED_TO_VBG" />
        <option value="LanguageTool.EN.EN_SPLIT_WORDS_HYPHEN" />
        <option value="LanguageTool.EN.PRP_BACKUP" />
        <option value="LanguageTool.EN.I_A" />
        <option value="LanguageTool.EN.LESS_DOLLARSMINUTESHOURS" />
        <option value="LanguageTool.EN.OR_WAY_IT" />
        <option value="LanguageTool.EN.DEATH_NAIL" />
        <option value="LanguageTool.EN.CURSING_THROUGH_VEINS" />
        <option value="LanguageTool.EN.IN_TACT" />
        <option value="LanguageTool.EN.PEE_INSTALLED" />
        <option value="LanguageTool.EN.DT_VBZ_THEYRE_NN" />
        <option value="LanguageTool.EN.EN_DIACRITICS_REPLACE" />
        <option value="LanguageTool.EN.TO_BACKOUT" />
        <option value="LanguageTool.EN.COULDVE_IRREGULAR_VERB" />
        <option value="LanguageTool.EN.FORT_THE" />
        <option value="LanguageTool.EN.THOUGH_THROUGH" />
        <option value="LanguageTool.EN.IF_IS" />
        <option value="LanguageTool.EN.DOE_SNOT" />
        <option value="LanguageTool.EN.TAKE_THE_REIGNS" />
        <option value="LanguageTool.EN.THANKS_YOU" />
        <option value="LanguageTool.EN.DOOR_JAM" />
        <option value="LanguageTool.EN.HARDLY_NEVER" />
        <option value="LanguageTool.EN.WORSE-CASE_SCENARIO" />
        <option value="LanguageTool.EN.DARING-DO" />
        <option value="LanguageTool.EN.NEW_COMER" />
        <option value="LanguageTool.EN.WHOSE_DT" />
        <option value="LanguageTool.EN.THINK_YOU_A" />
        <option value="LanguageTool.EN.WRB_THERE_THEY_RE" />
        <option value="LanguageTool.EN.OLD_WISE_TAILTALE" />
        <option value="LanguageTool.EN.OVER_LOOKED" />
        <option value="LanguageTool.EN.BY_PASSIVE_PARTICIPLE_BE" />
        <option value="LanguageTool.EN.IS_RENOWN_FOR" />
        <option value="LanguageTool.EN.OUT_OF_SINK" />
        <option value="LanguageTool.EN.REIGNS_OF_POWER" />
        <option value="LanguageTool.EN.TO_BATH" />
        <option value="LanguageTool.EN.IN_STEAD_OF" />
        <option value="LanguageTool.EN.SENSE_OF_FALSE_HOPEPRIVACYSECURITY" />
        <option value="LanguageTool.EN.POSSESSIVE_APOSTROPHE_2" />
        <option value="LanguageTool.EN.HIPAA" />
        <option value="LanguageTool.EN.FOR_FRO" />
        <option value="LanguageTool.EN.A_NNS_BEST_NN" />
        <option value="LanguageTool.EN.IS_SHOULD" />
        <option value="LanguageTool.EN.LAUGHING_STOCK" />
        <option value="LanguageTool.EN.NOBLE_PRIZE" />
        <option value="LanguageTool.EN.AN_THEN" />
        <option value="LanguageTool.EN.HAD_OF" />
        <option value="LanguageTool.EN.BEGS_BELIEF" />
        <option value="LanguageTool.EN.TOME_TIME" />
        <option value="LanguageTool.EN.TONGUE_AND_CHEEK" />
        <option value="LanguageTool.EN.SKY_DIVING" />
        <option value="LanguageTool.EN.IN_PARENTHESIS" />
        <option value="LanguageTool.EN.IN_JANUARY" />
        <option value="LanguageTool.EN.ALLOT_OF" />
        <option value="LanguageTool.EN.LOOK_ATE" />
        <option value="LanguageTool.EN.VARY_VERY" />
        <option value="LanguageTool.EN.SEE_SEA" />
        <option value="LanguageTool.EN.EXITED_EXCITED" />
        <option value="LanguageTool.EN.PAST_TIME" />
        <option value="LanguageTool.EN.YOURE_JJS_NN" />
        <option value="LanguageTool.EN.SAFETY_DEPOSIT_BOX" />
        <option value="LanguageTool.EN.OUT_GROW" />
        <option value="LanguageTool.EN.IN_LAWS" />
        <option value="LanguageTool.EN.THE_RE" />
        <option value="LanguageTool.EN.AM_LOATHE_TO" />
        <option value="LanguageTool.EN.ROLLOUT_VERB" />
        <option value="LanguageTool.EN.MY_BE" />
        <option value="LanguageTool.EN.APART_FORM" />
        <option value="LanguageTool.EN.MISS_VERB" />
        <option value="LanguageTool.EN.LOOSING_EFFORTRECORDSEASON" />
        <option value="LanguageTool.EN.KEY_WORDS" />
        <option value="LanguageTool.EN.CD_WEEK_S" />
        <option value="LanguageTool.EN.SEE_SEEN" />
        <option value="LanguageTool.EN.CC_IT_VBG" />
        <option value="LanguageTool.EN.IN_PRP_THEN_IN_PRP" />
        <option value="LanguageTool.EN.SAV_SAVE" />
        <option value="LanguageTool.EN.GOT_SHUTOUT" />
        <option value="LanguageTool.EN.IS_WERE" />
        <option value="LanguageTool.EN.NAIL_ON_THE_HEAD" />
        <option value="LanguageTool.EN.PLAYOFF_BIRTH" />
        <option value="LanguageTool.EN.SOU_YOU" />
        <option value="LanguageTool.EN.ABOUT_WHO_TO" />
        <option value="LanguageTool.EN.FLAG_SHIP" />
        <option value="LanguageTool.EN.MINUS_WELL" />
        <option value="LanguageTool.EN.WAY_SIDE" />
        <option value="LanguageTool.EN.THANK_THANKS" />
        <option value="LanguageTool.EN.CONTRACTION_CASE" />
        <option value="LanguageTool.EN.ANINFOR_EVERY_DAY" />
        <option value="LanguageTool.EN.ON_THE_SAME_TOKEN" />
        <option value="LanguageTool.EN.HISTORIC_RECORD" />
        <option value="LanguageTool.EN.SCENE_SEEN" />
        <option value="LanguageTool.EN.VB_A_WHILE" />
        <option value="LanguageTool.EN.TOOL_LONG" />
        <option value="LanguageTool.EN.VBZ_IN_THEYRE_NN" />
        <option value="LanguageTool.EN.INDUSTRY_LEADING_NN" />
        <option value="LanguageTool.EN.ONE_THE_ONE_HAND" />
        <option value="LanguageTool.EN.APART_A_PART" />
        <option value="LanguageTool.EN.WHIM_AND_A_PRAYER" />
        <option value="LanguageTool.EN.LAYS_ATOP" />
        <option value="LanguageTool.EN.GOON" />
        <option value="LanguageTool.EN.ANY_WHERE" />
        <option value="LanguageTool.EN.FOR_ITS_NN" />
        <option value="LanguageTool.EN.RING_ITS_NECK" />
        <option value="LanguageTool.EN.YOUR_YOU" />
        <option value="LanguageTool.EN.BEAT_REGARDS" />
        <option value="LanguageTool.EN.ENVELOPE_ENVELOP" />
        <option value="LanguageTool.EN.LAST_BUT_NOT_LAST" />
        <option value="LanguageTool.EN.FIGURE_HEAD" />
        <option value="LanguageTool.EN.HOW_EVER" />
        <option value="LanguageTool.EN.META_DATA" />
        <option value="LanguageTool.EN.FORTH_PLACE" />
        <option value="LanguageTool.EN.I_IF" />
        <option value="LanguageTool.EN.SPARKING_WINE" />
        <option value="LanguageTool.EN.UP_TO_DATA" />
        <option value="LanguageTool.EN.ALL_THE_FARTHER" />
        <option value="LanguageTool.EN.ID_WOULD" />
        <option value="LanguageTool.EN.WET_YOUR_APPETITE" />
        <option value="LanguageTool.EN.ARE_STILL_THE_SOME" />
        <option value="LanguageTool.EN.ON-GOING" />
        <option value="LanguageTool.EN.IF_OF" />
        <option value="LanguageTool.EN.OUR_OUT" />
        <option value="LanguageTool.EN.T_HE" />
        <option value="LanguageTool.EN.WONT_CONTRACTION" />
        <option value="LanguageTool.EN.WERE_ARE" />
        <option value="LanguageTool.EN.IT_IS_NO" />
        <option value="LanguageTool.EN.THATS_ITS" />
        <option value="LanguageTool.EN.REAP_WHAT_YOU_SEW" />
        <option value="LanguageTool.EN.BAITED_BREATH" />
        <option value="LanguageTool.EN.ONE_ORE" />
        <option value="LanguageTool.EN.FILED_WITH" />
        <option value="LanguageTool.EN.OVER_RATED" />
        <option value="LanguageTool.EN.AU" />
        <option value="LanguageTool.EN.COMPRISED_OF" />
        <option value="LanguageTool.EN.MUTE_POINT" />
        <option value="LanguageTool.EN.STATUE_OF_LIMITATIONS" />
        <option value="LanguageTool.EN.SELF_FISH" />
        <option value="LanguageTool.EN.ALLTHOUGH" />
        <option value="LanguageTool.EN.TO_THE_MANOR_BORN" />
        <option value="LanguageTool.EN.YOULL_WILL" />
        <option value="LanguageTool.EN.AND_SO_FOURTH" />
        <option value="LanguageTool.EN.STAND_ALONE_NN" />
        <option value="LanguageTool.EN.VINTAGE_POINT" />
        <option value="LanguageTool.EN.WAN_T" />
        <option value="LanguageTool.EN.IN_TO_INTO" />
        <option value="LanguageTool.EN.SPARE_OF_THE_MOMENT" />
        <option value="LanguageTool.EN.I_A_M" />
        <option value="LanguageTool.EN.THROUGH_AWAY" />
        <option value="LanguageTool.EN.TH_THORIUM" />
        <option value="LanguageTool.EN.NOW_A_DAY_HYPHEN" />
        <option value="LanguageTool.EN.EVERY_SINCE" />
        <option value="LanguageTool.EN.INCASE_OF" />
        <option value="LanguageTool.EN.BU" />
        <option value="LanguageTool.EN.NOW_A_DAYS" />
        <option value="LanguageTool.EN.VBG_YOURE" />
        <option value="LanguageTool.EN.VERB_APOSTROPHE_S" />
        <option value="LanguageTool.EN.I_FEEL" />
        <option value="LanguageTool.EN.SIDE_KICK" />
        <option value="LanguageTool.EN.AWAY_AWAYS" />
        <option value="LanguageTool.EN.HING" />
        <option value="LanguageTool.EN.WHAT_HOW" />
        <option value="LanguageTool.EN.MIGHT_HAS_WELL" />
        <option value="LanguageTool.EN.MASH_POTATOES" />
        <option value="LanguageTool.EN.WITHE_WITH" />
        <option value="LanguageTool.EN.GUEST_STARED" />
        <option value="LanguageTool.EN.WHERE_AS" />
        <option value="LanguageTool.EN.HAST_O" />
        <option value="LanguageTool.EN.PER_SE" />
        <option value="LanguageTool.EN.LOT_S" />
        <option value="LanguageTool.EN.ALA_MODE" />
        <option value="LanguageTool.EN.RE_CENT" />
        <option value="LanguageTool.EN.WAS_ALOUD" />
        <option value="LanguageTool.EN.OFT_HE" />
        <option value="LanguageTool.EN.DE_JURO" />
        <option value="LanguageTool.EN.OTHER_THEN" />
        <option value="LanguageTool.EN.MAH" />
        <option value="LanguageTool.EN.I_ILL" />
        <option value="LanguageTool.EN.TOMORROW_POSSESSIVE_APOSTROPHE" />
        <option value="LanguageTool.EN.ONE_IN_THE_SAME" />
        <option value="LanguageTool.EN.AH_HA" />
        <option value="LanguageTool.EN.CONFUSION_OF_RIDE_RID" />
        <option value="LanguageTool.EN.WOLD" />
        <option value="LanguageTool.EN.US_USE" />
        <option value="LanguageTool.EN.CAN_CHECKOUT" />
        <option value="LanguageTool.EN.JIMMY_BUFFET" />
        <option value="LanguageTool.EN.FEEL_TREE_TO" />
        <option value="LanguageTool.EN.DAILY_REGIMENT" />
        <option value="LanguageTool.EN.FAIR_SURE" />
        <option value="LanguageTool.EN.HOUR_OUR" />
        <option value="LanguageTool.EN.HART_HEART" />
        <option value="LanguageTool.EN.TYPO_AS_S_AS" />
        <option value="LanguageTool.EN.DIED_IN_THE_WOOL" />
        <option value="LanguageTool.EN.DEGREE_CHANGE" />
        <option value="LanguageTool.EN.OUT_SIDE" />
        <option value="LanguageTool.EN.HIT_THE_BREAKS" />
        <option value="LanguageTool.EN.AS_FOLLOW_AS_FOLLOWS" />
        <option value="LanguageTool.EN.HEAVY_WEIGHT" />
        <option value="LanguageTool.EN.DT_RESPONDS" />
        <option value="LanguageTool.EN.IN_EDITION_TO" />
        <option value="LanguageTool.EN.TIS" />
        <option value="LanguageTool.EN.ER" />
        <option value="LanguageTool.EN.A_KNOW_BUG" />
        <option value="LanguageTool.EN.POSSESSIVE_APOSTROPHE" />
        <option value="LanguageTool.EN.ALL_WAYS" />
        <option value="LanguageTool.EN.AWAY_FRO" />
        <option value="LanguageTool.EN.PUT_FOURTH_THEAAN" />
        <option value="LanguageTool.EN.FREE_LANCE" />
        <option value="LanguageTool.EN.EN_CONTRACTION_SPELLING" />
        <option value="LanguageTool.EN.ALSO_KNOW" />
        <option value="LanguageTool.EN.WERE_VBB" />
        <option value="LanguageTool.EN.PAPUA_NEW_GUINEA" />
        <option value="LanguageTool.EN.WELL_SUITING" />
        <option value="LanguageTool.EN.FR" />
        <option value="LanguageTool.EN.ALL_MOST" />
        <option value="LanguageTool.EN.TYPO_CONTRACTION" />
        <option value="LanguageTool.EN.THEE" />
        <option value="LanguageTool.EN.BEE_BEEN" />
        <option value="LanguageTool.EN.SOME_WHERE" />
        <option value="LanguageTool.EN.TREASURE_TROUGH" />
        <option value="LanguageTool.EN.FEWER_UNCOUNTABLE" />
        <option value="LanguageTool.EN.VBZ_VBD" />
        <option value="LanguageTool.EN.NOW_A_DAYS_HYPHEN" />
        <option value="LanguageTool.EN.THE_HOW" />
        <option value="LanguageTool.EN.FREE_LANCING" />
        <option value="LanguageTool.EN.WORKOUT_VERB" />
        <option value="LanguageTool.EN.YOURE" />
        <option value="LanguageTool.EN.GRILL_CHEESE" />
        <option value="LanguageTool.EN.THIS_YEARS_POSSESSIVE_APOSTROPHE" />
        <option value="LanguageTool.EN.TO_BLACKOUT" />
        <option value="LanguageTool.EN.DELETE_SPACE" />
        <option value="LanguageTool.EN.WHAT_SO_EVER" />
        <option value="LanguageTool.EN.WRECK_HAVOC" />
        <option value="LanguageTool.EN.WHOS_ACTUAL" />
        <option value="LanguageTool.EN.WITH_OUT" />
        <option value="LanguageTool.EN.CAN_BACKUP" />
        <option value="LanguageTool.EN.AS_OPPOSE_TO_AS_OPPOSED_TO" />
        <option value="LanguageTool.EN.TYPO_AD_NAUSEAM" />
        <option value="LanguageTool.EN.CONFUSION_OF_THEN_THAN" />
        <option value="LanguageTool.EN.ILL_I_LL" />
        <option value="LanguageTool.EN.SOME_HOW" />
        <option value="LanguageTool.EN.THEYRE_JJS_NN" />
        <option value="LanguageTool.EN.ROLL_PLAYER" />
        <option value="LanguageTool.EN.WORD_WORLD" />
        <option value="LanguageTool.EN.HEW_AND_CRY" />
        <option value="LanguageTool.EN.MANGER_MANAGER" />
        <option value="LanguageTool.EN.PHILLIPS_ARENA" />
        <option value="LanguageTool.EN.PLAYS_A_FACTOR" />
        <option value="LanguageTool.EN.THATS_THEYRE" />
        <option value="LanguageTool.EN.YOUR_YOU_2" />
        <option value="LanguageTool.EN.FOR_TIME_TO_TIME" />
        <option value="LanguageTool.EN.LOT_ON_OF" />
        <option value="LanguageTool.EN.ITS_IS" />
        <option value="LanguageTool.EN.TOT_HE" />
        <option value="LanguageTool.EN.SQUARED_SQUARE" />
        <option value="LanguageTool.EN.GOING_ONE" />
        <option value="LanguageTool.EN.HARRISON_FORD" />
        <option value="LanguageTool.EN.DT_BAIL_OUT" />
        <option value="LanguageTool.EN.ALONG_TIME" />
        <option value="LanguageTool.EN.PORTLAND_TRAILBLAZERS" />
        <option value="LanguageTool.EN.CONFUSION_OF_BEEN_BEING" />
        <option value="LanguageTool.EN.A_BUT" />
        <option value="LanguageTool.EN.WHOS_NN" />
        <option value="LanguageTool.EN.NEAR_BY" />
        <option value="LanguageTool.EN.APOS_RE" />
        <option value="LanguageTool.EN.COME_THROUGH" />
        <option value="LanguageTool.EN.HELLOS" />
        <option value="LanguageTool.EN.BE_CAUSE" />
        <option value="LanguageTool.EN.IN_ALONG_TIME" />
        <option value="LanguageTool.EN.MANAGERIAL_REIGNS" />
        <option value="LanguageTool.EN.UNITE_STATES" />
        <option value="LanguageTool.EN.CAN_BLACKOUT" />
        <option value="LanguageTool.EN.WRONG_GENITIVE_APOSTROPHE" />
        <option value="LanguageTool.EN.ANOTHER_WORDS" />
        <option value="LanguageTool.EN.MOST_POPULACE" />
        <option value="LanguageTool.EN.ITS_ARE" />
        <option value="LanguageTool.EN.PLEASE_NOT_THAT" />
        <option value="LanguageTool.EN.W_HAT" />
        <option value="LanguageTool.EN.COULD_CARE_LESS" />
        <option value="LanguageTool.EN.HE_THE" />
        <option value="LanguageTool.EN.WE_APOSTROPHE_ARE" />
        <option value="LanguageTool.EN.SOUSE_CHEF" />
        <option value="LanguageTool.EN.NOT_US1" />
        <option value="LanguageTool.EN.ET_AL" />
        <option value="LanguageTool.EN.BARE_IN_MIND" />
        <option value="LanguageTool.EN.WORLD_WIDE" />
        <option value="LanguageTool.EN.CROWD_SOURCING" />
        <option value="LanguageTool.EN.SHORT_COMING" />
        <option value="LanguageTool.EN.WAIVED_OFF" />
        <option value="LanguageTool.EN.FROM_FORM" />
        <option value="LanguageTool.EN.TYPO_A_RE" />
        <option value="LanguageTool.EN.CHILDRENS_DAY_APOSTROPHE" />
        <option value="LanguageTool.EN.LEAD_ROLL" />
        <option value="LanguageTool.EN.FULL_COMPLIMENT_OF" />
        <option value="LanguageTool.EN.WEATHER_WHETHER" />
        <option value="LanguageTool.EN.GOOD_NEWS" />
        <option value="LanguageTool.EN.IT_S_BRITNEY" />
        <option value="LanguageTool.EN.WERE_MD" />
        <option value="LanguageTool.EN.LAYING_AROUND" />
        <option value="LanguageTool.EN.TRUE_TO_WORD" />
        <option value="LanguageTool.EN.BACK_FIRE" />
        <option value="LanguageTool.EN.PRESIDENTS_DAY_APOSTROPHE" />
        <option value="LanguageTool.EN.WED_WE_D" />
        <option value="LanguageTool.EN.IMMINENT_DOMAIN" />
        <option value="LanguageTool.EN.IT_SOMETHING" />
        <option value="LanguageTool.EN.BEFORE_HAND" />
        <option value="LanguageTool.EN.BEYOND_THE_PAIL" />
        <option value="LanguageTool.EN.HAY_DAY" />
        <option value="LanguageTool.EN.RACK_BRAIN" />
        <option value="LanguageTool.EN.GRASPING_FOR_STRAWS" />
        <option value="LanguageTool.EN.ITS_HAS" />
        <option value="LanguageTool.EN.BETWEEN_YOU_AND_I" />
        <option value="LanguageTool.EN.COULD_GIVE_A_DAMN" />
        <option value="LanguageTool.EN.IM_I_M" />
        <option value="LanguageTool.EN.PERPETUUM_MOBILE" />
        <option value="LanguageTool.EN.WORTH_WHILE" />
        <option value="LanguageTool.EN.AT_THE_REIGNS" />
        <option value="LanguageTool.EN.FREE_REIGN" />
        <option value="LanguageTool.EN.SPECIFIC_POSSESSIVE_APOSTROPHE" />
        <option value="LanguageTool.EN.SILL_STILL" />
        <option value="LanguageTool.EN.DUCK_DUCT" />
        <option value="LanguageTool.EN.HAND_AND_HAND" />
        <option value="LanguageTool.EN.WORKING_PROGRESS" />
        <option value="LanguageTool.EN.ADD_NO" />
        <option value="LanguageTool.EN.DOS_AND_DONTS" />
        <option value="LanguageTool.EN.THINK_OFF" />
        <option value="LanguageTool.EN.COLD_COULD" />
        <option value="LanguageTool.EN.YOU_THING" />
        <option value="LanguageTool.EN.IS_CONTAINED_OF" />
        <option value="LanguageTool.EN.HELL" />
        <option value="LanguageTool.EN.YAL_YALL" />
        <option value="LanguageTool.EN.VARY_MUCH" />
        <option value="LanguageTool.EN.COMPARISONS_THEN" />
        <option value="LanguageTool.EN.AS_FOLLOW" />
        <option value="LanguageTool.EN.COMPLAINT_COMPLIANT" />
        <option value="LanguageTool.EN.TOO_CARDINAL_NUMBER" />
        <option value="LanguageTool.EN.VE_GO_TO" />
        <option value="LanguageTool.EN.INCORRECT_CONTRACTIONS" />
        <option value="LanguageTool.EN.YEAR_END_AND_YEAR_OUT" />
        <option value="LanguageTool.EN.THERE_FORE" />
        <option value="LanguageTool.EN.TYP_TYPE" />
        <option value="LanguageTool.EN.NE" />
        <option value="LanguageTool.EN.CONFUSION_OF_THESES_THESE" />
        <option value="LanguageTool.EN.MI" />
        <option value="LanguageTool.EN.ON_GOING" />
        <option value="LanguageTool.EN.TO__THEN_BY" />
        <option value="LanguageTool.EN.HI_TIME" />
        <option value="LanguageTool.EN.URINE_ANALYSIS" />
        <option value="LanguageTool.EN.ALLUDE_ELUDE" />
        <option value="LanguageTool.EN.IVE_HAVE" />
        <option value="LanguageTool.EN.THERE_EXITS" />
        <option value="LanguageTool.EN.PRP_AREA" />
        <option value="LanguageTool.EN.ANY_BODY" />
        <option value="LanguageTool.EN.STOCK_AND_TRADE" />
        <option value="LanguageTool.EN.BUTTLOAD" />
        <option value="LanguageTool.EN.ON_THE_SHELF" />
        <option value="LanguageTool.EN.AD_NAUSEUM" />
        <option value="LanguageTool.EN.WIFI" />
        <option value="LanguageTool.EN.GOT_SHUTDOWN" />
        <option value="LanguageTool.EN.SHOULD_VS_SHOULDER" />
        <option value="LanguageTool.EN.CONFUSION_OF_FOND_FUND" />
        <option value="LanguageTool.EN.BED_ENGLISH" />
        <option value="LanguageTool.EN.CAN_MISSPELLING" />
        <option value="LanguageTool.EN.DISCUSSIONS_AROUND" />
        <option value="LanguageTool.EN.TOW_THE_LINE" />
        <option value="LanguageTool.EN.COLDN_T" />
        <option value="LanguageTool.EN.WHOS_TO" />
        <option value="LanguageTool.EN.MAY_BE" />
        <option value="LanguageTool.EN.STATIONARY_STATIONERY" />
        <option value="LanguageTool.EN.ITS_JJS_NN" />
        <option value="LanguageTool.EN.I_THIN" />
        <option value="LanguageTool.EN.CANT" />
        <option value="LanguageTool.EN.WRITINGPOLITICALSCIENCE_GAFF" />
        <option value="LanguageTool.EN.OFT_CHANCE" />
        <option value="LanguageTool.EN.FAIRED_BADLY" />
        <option value="LanguageTool.EN.AFTER_BEEN" />
        <option value="LanguageTool.EN.KIN_REGARDS" />
        <option value="LanguageTool.EN.VERY_MATCH" />
        <option value="LanguageTool.EN.CAN_CHECKIN" />
        <option value="LanguageTool.EN.BRUSSEL_SPROUT" />
        <option value="LanguageTool.EN.COMPARISONS_NNS_THEN" />
        <option value="LanguageTool.EN.HAS_IT_NNS__IT_ITS" />
        <option value="LanguageTool.EN.IT_SELF" />
        <option value="LanguageTool.EN.SCENT_SENT" />
        <option value="LanguageTool.EN.WAS_LAIN" />
        <option value="LanguageTool.EN.JIVE_WITH" />
        <option value="LanguageTool.EN.ONES" />
        <option value="LanguageTool.EN.YOUR_SHOULD" />
        <option value="LanguageTool.EN.LAID_AHEAD" />
        <option value="LanguageTool.EN.MY_NOT_MU" />
        <option value="LanguageTool.EN.OVERT_HE" />
        <option value="LanguageTool.EN.WORST_COMES_TO_WORST" />
        <option value="LanguageTool.EN.DAMP_SQUID" />
        <option value="LanguageTool.EN.UNITE_KINGDOM" />
        <option value="LanguageTool.EN.TOO_DETERMINER" />
        <option value="LanguageTool.EN.FOWL_SWOOP" />
        <option value="LanguageTool.EN.WERE_RE" />
        <option value="LanguageTool.EN.LETS_LET" />
        <option value="LanguageTool.EN.SOME_WHAT_JJ" />
        <option value="LanguageTool.EN.NEED_HELPS" />
        <option value="LanguageTool.EN.TRAD_TRADE" />
        <option value="LanguageTool.EN.I_LOWERCASE" />
        <option value="LanguageTool.EN.LAND_LOVER" />
        <option value="LanguageTool.EN.A3FT" />
        <option value="LanguageTool.EN.WANT_BE" />
        <option value="LanguageTool.EN.WHOS" />
        <option value="LanguageTool.EN.IN_VBZ_THEYRE_NN" />
        <option value="LanguageTool.EN.SHORT_CUT" />
        <option value="LanguageTool.EN.DE_FACTOR" />
        <option value="LanguageTool.EN.CONSTELLATION_PRIZE" />
        <option value="LanguageTool.EN.ON_THE_LAMB" />
        <option value="LanguageTool.EN.THATS_YOURE" />
        <option value="LanguageTool.EN.HASNT_IRREGULAR_VERB" />
        <option value="LanguageTool.EN.HEP" />
        <option value="LanguageTool.EN.COMPERE_COMPARE" />
        <option value="LanguageTool.EN.DISC_BREAK" />
        <option value="LanguageTool.EN.ON_OF_THE" />
        <option value="LanguageTool.EN.HAIRS" />
        <option value="LanguageTool.EN.WHOM_WHO" />
        <option value="LanguageTool.EN.SCHROEDINGER" />
        <option value="LanguageTool.EN.MASTERS" />
        <option value="LanguageTool.EN.THE_APO_RE" />
        <option value="LanguageTool.EN.BECKON_CALL" />
        <option value="LanguageTool.EN.THROWS_THROES" />
        <option value="LanguageTool.EN.TRITE_AND_TRUE" />
        <option value="LanguageTool.EN.SENT_START_THEM" />
        <option value="LanguageTool.EN.IN_TITLED" />
        <option value="LanguageTool.EN.PRP_RESPONSE" />
        <option value="LanguageTool.EN.UNDER_WEAR" />
        <option value="LanguageTool.EN.DIFFERENT_TACT" />
        <option value="LanguageTool.EN.SAVE_SAFE" />
        <option value="LanguageTool.EN.APOSTROPHE_PLURAL_" />
        <option value="LanguageTool.EN.SPINAL_CHORD" />
        <option value="LanguageTool.EN.TATTLE-TAIL" />
        <option value="LanguageTool.EN.TAKE_AWHILE" />
        <option value="LanguageTool.EN.MEAN_WHILE" />
        <option value="LanguageTool.EN.ELUDED_TO" />
        <option value="LanguageTool.EN.LANGUAGE_TOOL" />
        <option value="LanguageTool.EN.LANGUAGETOOL" />
        <option value="LanguageTool.EN.LOOKS_LIKES" />
        <option value="LanguageTool.EN.IT_APOS_A" />
        <option value="LanguageTool.EN.OM" />
        <option value="LanguageTool.EN.RODROT_IRON" />
        <option value="LanguageTool.EN.TOW_TWO" />
        <option value="LanguageTool.EN.FAIRED_AS_WELL" />
        <option value="LanguageTool.EN.MUS_MUST" />
        <option value="LanguageTool.EN.WRITINGPOLITICALSCIENCE_GAFFS" />
        <option value="LanguageTool.EN.ANALYSIS_IF" />
        <option value="LanguageTool.EN.FOR_ALONG_TIME" />
        <option value="LanguageTool.EN.ANTHER" />
        <option value="LanguageTool.EN.NO_WHERE" />
        <option value="LanguageTool.EN.TEL_TELL" />
        <option value="LanguageTool.EN.NUT_NOT" />
        <option value="LanguageTool.EN.YOUR_YOU_RE" />
        <option value="LanguageTool.EN.IT_IS" />
        <option value="LanguageTool.EN.ON_THE_CONTRAIRE" />
        <option value="LanguageTool.EN.ONE_OF_THE_ONLY" />
        <option value="LanguageTool.EN.EASIEST_WAS_TO" />
        <option value="LanguageTool.EN.HUMANS_BEINGS" />
        <option value="LanguageTool.EN.DONT_T" />
        <option value="LanguageTool.EN.THEM_SELVES" />
        <option value="LanguageTool.EN.ELDER_OLDER" />
        <option value="LanguageTool.EN.THROUGH_OUT" />
        <option value="LanguageTool.EN.LING" />
        <option value="LanguageTool.EN.OUT_COME" />
        <option value="LanguageTool.EN.JIMMY_HENDRIX" />
        <option value="LanguageTool.EN.OVER_LOOKING" />
        <option value="LanguageTool.EN.WITHOUT_OUT" />
        <option value="LanguageTool.EN.UR" />
        <option value="LanguageTool.EN.IT_IS_2" />
        <option value="LanguageTool.EN.SON_T" />
        <option value="LanguageTool.EN.IN_ANYWAY" />
        <option value="LanguageTool.EN.A_WAS" />
        <option value="LanguageTool.EN.BUILD_OFF_OF" />
        <option value="LanguageTool.EN.TOO_TWO" />
        <option value="LanguageTool.EN.RIGHT_OF_PASSAGE" />
        <option value="LanguageTool.EN.CONFUSION_OF_ME_I" />
        <option value="LanguageTool.EN.DOWNPAYMENT" />
        <option value="LanguageTool.EN.I_AM_WORRY" />
        <option value="LanguageTool.EN.LIGHT_WEIGHT" />
        <option value="LanguageTool.EN.SOUND_BYTE" />
        <option value="LanguageTool.EN.ALL_BE_IT" />
        <option value="LanguageTool.EN.TO_COMEBACK" />
        <option value="LanguageTool.EN.AFTERALL" />
        <option value="LanguageTool.EN.ROLE_CALL" />
        <option value="LanguageTool.EN.APPSTORE" />
        <option value="LanguageTool.EN.YOUR_E" />
        <option value="LanguageTool.EN.AS_TIME_PROGRESSED" />
        <option value="LanguageTool.EN.FOR_AWHILE" />
        <option value="LanguageTool.EN.ONCE_AND_A_WHILE" />
        <option value="LanguageTool.EN.LOOK_DOOR" />
        <option value="LanguageTool.EN.MUST_OF_THE_TIME_MOST_OF_THE_TIME" />
        <option value="LanguageTool.EN.BREW_HAHA" />
        <option value="LanguageTool.EN.HANGOUT_VERB" />
        <option value="LanguageTool.EN.TYPO_MACHINE_LEARNING" />
        <option value="LanguageTool.EN.COMPLEMENT_COMPLIMENT" />
        <option value="LanguageTool.EN.LIGATURES" />
        <option value="LanguageTool.EN.BE_WARE" />
        <option value="LanguageTool.EN.STRIKE_A_CORD" />
        <option value="LanguageTool.EN.NOW" />
        <option value="LanguageTool.EN.EVERY_WHERE" />
        <option value="LanguageTool.EN.FOR_EVER_US" />
        <option value="LanguageTool.EN.PERS_PRON_CONTRACTION" />
        <option value="LanguageTool.EN.TO_VB_ITS_NN" />
        <option value="LanguageTool.EN.PEAK_HIS_INTEREST" />
        <option value="LanguageTool.EN.CHOMPING_AT_THE_BIT" />
        <option value="LanguageTool.EN.CONSTITUTES_OF" />
        <option value="LanguageTool.EN.IM_AM" />
        <option value="LanguageTool.EN.AND_SO_ONE" />
        <option value="LanguageTool.EN.ENVELOP_ENVELOPE" />
        <option value="LanguageTool.EN.ABOUT_ITS_NN" />
        <option value="LanguageTool.EN.NUMBERS_IN_WORDS" />
        <option value="LanguageTool.EN.BE_SEEM" />
        <option value="LanguageTool.EN.NATION_WIDE" />
        <option value="LanguageTool.EN.GARDENERGARDEN_SNAKE" />
        <option value="LanguageTool.EN.CONTRACT_CONTACT" />
        <option value="LanguageTool.EN.FREE_LANCES" />
        <option value="LanguageTool.EN.YOURS_APOSTROPHE" />
        <option value="LanguageTool.EN.FREE_LANCER" />
        <option value="LanguageTool.EN.IVE_CONTRACTION" />
        <option value="LanguageTool.EN.TR" />
        <option value="LanguageTool.EN.ALONG_SIDE" />
        <option value="LanguageTool.EN.OVER_SEAS" />
        <option value="LanguageTool.EN.SETUP_VERB" />
        <option value="LanguageTool.EN.INTERNATIONAL_WORKERS_DAY_APOSTROPHE" />
        <option value="LanguageTool.EN.TANK_YOU" />
      </set>
    </option>
  </component>
</application>