<application>
  <component name="GeneralSettings">
    <option name="showTipsOnStartup" value="false" />
    <option name="reopenLastProject" value="false" />
    <option name="confirmExit" value="false" />
    <option name="confirmOpenNewProject2" value="0" />
    <option name="processCloseConfirmation" value="TERMINATE" />
    <option name="inactiveTimeout" value="10" />
  </component>
  <component name="Registry">
    <entry key="shared.indexes.download.chunk.threads" value="7" />
    <entry key="caches.scanningThreadsCount" value="7" />
    <entry key="ide.mac.allowDarkWindowDecorations" value="true" />
    <entry key="caches.indexerThreadsCount" value="7" />
    <entry key="ide.experimental.ui" value="true" />
    <entry key="js.debugger.webconsole" value="false" />
    <entry key="ide.allow.merge.buttons" value="false" />
    <entry key="debugger.watches.in.variables" value="false" />
    <entry key="dumb.aware.run.configurations" value="true" />
    <entry key="debugger.new.tool.window.layout" value="true" />
    <entry key="ide.experimental.ui.inter.font" value="false" />
    <entry key="idea.plugins.compatible.build" value="" />
  </component>
  <component name="StatusBar">
    <option name="widgets">
      <map>
        <entry key="Memory" value="true" />
      </map>
    </option>
  </component>
</application>