<application>
  <component name="GeneralSettings">
    <option name="showTipsOnStartup" value="false" />
    <option name="reopenLastProject" value="false" />
    <option name="confirmExit" value="false" />
    <option name="confirmOpenNewProject2" value="0" />
    <option name="processCloseConfirmation" value="TERMINATE" />
    <option name="inactiveTimeout" value="10" />
  </component>
  <component name="Registry">
    <entry key="shared.indexes.download.chunk.threads" value="7" source="SYSTEM" />
    <entry key="caches.scanningThreadsCount" value="7" source="SYSTEM" />
    <entry key="ide.mac.allowDarkWindowDecorations" value="true" source="SYSTEM" />
    <entry key="caches.indexerThreadsCount" value="7" source="SYSTEM" />
    <entry key="ide.experimental.ui" value="true" source="SYSTEM" />
    <entry key="js.debugger.webconsole" value="false" source="SYSTEM" />
    <entry key="ide.allow.merge.buttons" value="false" source="SYSTEM" />
    <entry key="debugger.watches.in.variables" value="false" source="SYSTEM" />
    <entry key="dumb.aware.run.configurations" value="true" source="SYSTEM" />
    <entry key="debugger.new.tool.window.layout" value="true" source="SYSTEM" />
    <entry key="documentation.show.toolbar" value="true" source="SYSTEM" />
    <entry key="markdown.open.vcs.log.link" value="true" source="SYSTEM" />
    <entry key="llm.generate.commit.summary" value="true" source="SYSTEM" />
    <entry key="completion.cloud.enableTextCompletion" value="false" source="MANAGER" />
  </component>
  <component name="StatusBar">
    <option name="widgets">
      <map>
        <entry key="AIAssistant" value="false" />
        <entry key="CodiumAI" value="false" />
        <entry key="Memory" value="true" />
      </map>
    </option>
  </component>
</application>