<application>
  <component name="IntentionManagerSettings">
    <ignoreAction name="CoffeeScript/Replace Double-Quoted String with Single-Quoted String" />
    <ignoreAction name="CoffeeScript/Replace Single-Quoted String with Double-Quoted String" />
    <ignoreAction name="CSS Modules/Create CSS Modules class" />
    <ignoreAction name="Dart/Quick assist powered by the Dart Analysis Server" />
    <ignoreAction name="Other/Flip ','" />
    <ignoreAction name="TypeScript/Convert type alias to interface" />
    <ignoreAction name="TypeScript/Make 'private'" />
    <ignoreAction name="TypeScript/Make 'protected'" />
    <ignoreAction name="TypeScript/Make 'public'" />
    <ignoreAction name="XML/Add Xsi schema location for external resource" />
    <ignoreAction name="XML/Choose Color" />
    <ignoreAction name="XML/Expand Empty Tag" />
    <ignoreAction name="XML/Fetch external resource" />
    <ignoreAction name="XML/Insert namespace prefix" />
    <ignoreAction name="XML/Manually setup external resource" />
    <ignoreAction name="XML/Merge Tags" />
    <ignoreAction name="XML/Reset to default namespace" />
    <ignoreAction name="XML/Split current tag" />
    <ignoreAction name="XSLT/Add optional Argument(s)" />
    <ignoreAction name="XSLT/Convert if to choose" />
    <ignoreAction name="XSLT/Inline xsl:attribute" />
    <ignoreAction name="XSLT/Replace with xsl:attribute" />
    <ignoreAction name="JavaScript/Change ES6 import " />
    <ignoreAction name="JavaScript/Convert 'forEach' to 'for..of'" />
    <ignoreAction name="JavaScript/Convert arrow function to anonymous function" />
    <ignoreAction name="JavaScript/Convert function and its member declarations to class" />
    <ignoreAction name="JavaScript/Convert template string to use visible line separators" />
    <ignoreAction name="JavaScript/Convert to multi-line string template" />
    <ignoreAction name="JavaScript/Create Getter" />
    <ignoreAction name="JavaScript/Create Getter and Setter" />
    <ignoreAction name="JavaScript/Create Setter" />
    <ignoreAction name="JavaScript/Move to a file with matching name" />
    <ignoreAction name="JavaScript/Rename file to match type name" />
    <ignoreAction name="JavaScript/Replace string with template string" />
    <ignoreAction name="JavaScript/Swap method call arguments" />
    <ignoreAction name="Language Injection/Edit Injected Fragment" />
    <ignoreAction name="JavaScript/ECMAScript 6/Convert 'forEach' to 'for..of'" />
    <ignoreAction name="JavaScript/ECMAScript 6/Create Getter" />
    <ignoreAction name="JavaScript/ECMAScript 6/Create Getter and Setter" />
    <ignoreAction name="JavaScript/ECMAScript 6/Create Setter" />
    <ignoreAction name="JavaScript/ECMAScript 6/Replace string with template string" />
    <ignoreAction name="Markdown/Hide errors in code fences" />
    <ignoreAction name="Flow JS/Specify variable type explicitly" />
    <ignoreAction name="JavaScript/Convert 'for-in' to 'forEach' call" />
    <ignoreAction name="JavaScript/Convert anonymous function to named function" />
    <ignoreAction name="JavaScript/Convert indexed 'for' to 'forEach' call" />
    <ignoreAction name="JavaScript/Convert parameters to object" />
    <ignoreAction name="JavaScript/Convert parameters to object and introduce interface" />
    <ignoreAction name="JavaScript/Convert to function expression" />
    <ignoreAction name="JavaScript/Infer parameter types from usages" />
    <ignoreAction name="JavaScript/Install @types for the package" />
    <ignoreAction name="JavaScript/Introduce local variable" />
    <ignoreAction name="JavaScript/Join subsequent variable declarations" />
    <ignoreAction name="JavaScript/Remove quotes from property names" />
    <ignoreAction name="JavaScript/Replace with indexer access" />
    <ignoreAction name="JavaScript/Replace with property access" />
    <ignoreAction name="JavaScript/Split declarations" />
    <ignoreAction name="JavaScript/Wrap property names in quotes" />
    <ignoreAction name="JavaScript/Boolean/De Morgan's laws" />
    <ignoreAction name="JavaScript/Boolean/Flip comparison" />
    <ignoreAction name="JavaScript/Boolean/Flip conjunction operands" />
    <ignoreAction name="JavaScript/Boolean/Negate comparison" />
    <ignoreAction name="JavaScript/Boolean/Remove boolean equality" />
    <ignoreAction name="JavaScript/Conditional Operator/Flip 'if'" />
    <ignoreAction name="JavaScript/Conditional Operator/Flip conditional" />
    <ignoreAction name="JavaScript/Conditional Operator/Replace 'if...else' with conditional" />
    <ignoreAction name="JavaScript/Conditional Operator/Replace conditional with 'if...else'" />
    <ignoreAction name="JavaScript/Control Flow/Add braces" />
    <ignoreAction name="JavaScript/Control Flow/Merge 'else-if'" />
    <ignoreAction name="JavaScript/Control Flow/Merge equivalent 'if' statements to '||' condition" />
    <ignoreAction name="JavaScript/Control Flow/Merge nested 'if' statements to '&amp;&amp;' condition" />
    <ignoreAction name="JavaScript/Control Flow/Merge parallel 'if' statements" />
    <ignoreAction name="JavaScript/Control Flow/Remove braces" />
    <ignoreAction name="JavaScript/Control Flow/Replace 'if' with 'switch'" />
    <ignoreAction name="JavaScript/Control Flow/Replace 'switch' with 'if'" />
    <ignoreAction name="JavaScript/Control Flow/Split '&amp;&amp;' condition to nested 'if' statements" />
    <ignoreAction name="JavaScript/Control Flow/Split 'else-if'" />
    <ignoreAction name="JavaScript/Control Flow/Unwrap 'else'" />
    <ignoreAction name="JavaScript/Declaration/Split declaration and initialization" />
    <ignoreAction name="JavaScript/Declaration/Split declaration and move to scope start" />
    <ignoreAction name="JavaScript/ECMAScript 6/Add default export" />
    <ignoreAction name="JavaScript/ECMAScript 6/Add export" />
    <ignoreAction name="JavaScript/ECMAScript 6/Change ES6 import path" />
    <ignoreAction name="JavaScript/ECMAScript 6/Convert arrow function to anonymous function" />
    <ignoreAction name="JavaScript/ECMAScript 6/Convert function and its member declarations to class" />
    <ignoreAction name="JavaScript/ECMAScript 6/Convert template string to use visible line separators" />
    <ignoreAction name="JavaScript/ECMAScript 6/Convert to async function" />
    <ignoreAction name="JavaScript/ECMAScript 6/Convert to multi-line string template" />
    <ignoreAction name="JavaScript/ECMAScript 6/Create getter" />
    <ignoreAction name="JavaScript/ECMAScript 6/Create getter and setter" />
    <ignoreAction name="JavaScript/ECMAScript 6/Create setter" />
    <ignoreAction name="JavaScript/ECMAScript 6/Declare explicit class fields" />
    <ignoreAction name="JavaScript/ECMAScript 6/Expand optional chaining or nullish coalescing to explicit checks" />
    <ignoreAction name="JavaScript/ECMAScript 6/Generate destructuring pattern" />
    <ignoreAction name="JavaScript/ECMAScript 6/Initialize new fields from parameters" />
    <ignoreAction name="JavaScript/ECMAScript 6/Insert template string argument" />
    <ignoreAction name="JavaScript/ECMAScript 6/Introduce object or array destructuring" />
    <ignoreAction name="JavaScript/ECMAScript 6/Iterate with 'for..of'" />
    <ignoreAction name="JavaScript/ECMAScript 6/Make 'public'" />
    <ignoreAction name="JavaScript/ECMAScript 6/Make private using '#'" />
    <ignoreAction name="JavaScript/ECMAScript 6/Move to a file with matching name" />
    <ignoreAction name="JavaScript/ECMAScript 6/Propagate to destructuring declaration" />
    <ignoreAction name="JavaScript/ECMAScript 6/Remove export" />
    <ignoreAction name="JavaScript/ECMAScript 6/Remove numeric separators" />
    <ignoreAction name="JavaScript/ECMAScript 6/Rename file to match type name" />
    <ignoreAction name="JavaScript/ECMAScript 6/Replace 'for..of' with indexed 'for' loop" />
    <ignoreAction name="JavaScript/ECMAScript 6/Replace 'forEach' with 'for..of' loop" />
    <ignoreAction name="JavaScript/ECMAScript 6/Replace 'forEach' with indexed 'for' loop" />
    <ignoreAction name="JavaScript/ECMAScript 6/Replace 'map' array call with 'for..of' loop" />
    <ignoreAction name="JavaScript/ECMAScript 6/Replace destructuring with property and index access" />
    <ignoreAction name="JavaScript/ECMAScript 6/Replace nested calls with pipeline expression" />
    <ignoreAction name="JavaScript/ECMAScript 6/Replace pipe expression with nested calls" />
    <ignoreAction name="JavaScript/ECMAScript 6/Replace with 'await Promise.all'" />
    <ignoreAction name="JavaScript/ECMAScript 6/Replace with array destructuring" />
    <ignoreAction name="JavaScript/ECMAScript 6/Replace with destructuring and short-hand properties" />
    <ignoreAction name="JavaScript/ECMAScript 6/Replace with object destructuring" />
    <ignoreAction name="JavaScript/ECMAScript 6/Separate digits" />
    <ignoreAction name="JavaScript/ECMAScript 6/Use optional chaining or nullish coalescing" />
    <ignoreAction name="JavaScript/JSX/Unwrap attribute value" />
    <ignoreAction name="JavaScript/JSX/Wrap attribute value with {}" />
    <ignoreAction name="JavaScript/Language Injection/Annotate injection with comment" />
    <ignoreAction name="JavaScript/Language Injection/Disable formatting for injected content" />
    <ignoreAction name="JavaScript/Numbers/Convert to binary" />
    <ignoreAction name="JavaScript/Numbers/Convert to decimal" />
    <ignoreAction name="JavaScript/Numbers/Convert to hexadecimal" />
    <ignoreAction name="JavaScript/Numbers/Convert to octal" />
    <ignoreAction name="JavaScript/Numbers/Flip operands of an arithmetic operation" />
    <ignoreAction name="JavaScript/Other/Compute constant value" />
    <ignoreAction name="JavaScript/Other/Compute constant value of sub-expression" />
    <ignoreAction name="JavaScript/Other/Convert to operator assignment" />
    <ignoreAction name="JavaScript/Other/Extract increment" />
    <ignoreAction name="JavaScript/Other/Replace double-quoted string with single-quoted string" />
    <ignoreAction name="JavaScript/Other/Replace single-quoted string with double-quoted string" />
    <ignoreAction name="JavaScript/Shift Operation/Replace multiply with shift" />
    <ignoreAction name="JavaScript/Shift Operation/Replace shift with multiply" />
    <ignoreAction name="React/Convert to class component" />
    <ignoreAction name="TypeScript/Disable coloring of narrowed types" />
  </component>
</application>