<application>
  <component name="IntentionManagerSettings">
    <ignoreAction name="CoffeeScript/Replace Double-Quoted String with Single-Quoted String" />
    <ignoreAction name="CoffeeScript/Replace Single-Quoted String with Double-Quoted String" />
    <ignoreAction name="Dart/Quick assist powered by the Dart Analysis Server" />
    <ignoreAction name="Other/Flip ','" />
    <ignoreAction name="TypeScript/Convert type alias to interface" />
    <ignoreAction name="TypeScript/Make 'private'" />
    <ignoreAction name="TypeScript/Make 'protected'" />
    <ignoreAction name="TypeScript/Make 'public'" />
    <ignoreAction name="XML/Add Xsi schema location for external resource" />
    <ignoreAction name="XML/Choose Color" />
    <ignoreAction name="XML/Expand Empty Tag" />
    <ignoreAction name="XML/Fetch external resource" />
    <ignoreAction name="XML/Insert namespace prefix" />
    <ignoreAction name="XML/Manually setup external resource" />
    <ignoreAction name="XML/Merge Tags" />
    <ignoreAction name="XML/Reset to default namespace" />
    <ignoreAction name="XML/Split current tag" />
    <ignoreAction name="XSLT/Add optional Argument(s)" />
    <ignoreAction name="XSLT/Convert if to choose" />
    <ignoreAction name="XSLT/Inline xsl:attribute" />
    <ignoreAction name="XSLT/Replace with xsl:attribute" />
    <ignoreAction name="JavaScript/Change ES6 import " />
    <ignoreAction name="JavaScript/Convert 'forEach' to 'for..of'" />
    <ignoreAction name="JavaScript/Convert arrow function to anonymous function" />
    <ignoreAction name="JavaScript/Convert function and its member declarations to class" />
    <ignoreAction name="JavaScript/Convert template string to use visible line separators" />
    <ignoreAction name="JavaScript/Convert to multi-line string template" />
    <ignoreAction name="JavaScript/Create Getter" />
    <ignoreAction name="JavaScript/Create Getter and Setter" />
    <ignoreAction name="JavaScript/Create Setter" />
    <ignoreAction name="JavaScript/Move to a file with matching name" />
    <ignoreAction name="JavaScript/Rename file to match type name" />
    <ignoreAction name="JavaScript/Replace string with template string" />
    <ignoreAction name="JavaScript/Swap method call arguments" />
    <ignoreAction name="Language Injection/Edit Injected Fragment" />
    <ignoreAction name="JavaScript/ECMAScript 6/Convert 'forEach' to 'for..of'" />
    <ignoreAction name="JavaScript/ECMAScript 6/Create Getter" />
    <ignoreAction name="JavaScript/ECMAScript 6/Create Getter and Setter" />
    <ignoreAction name="JavaScript/ECMAScript 6/Create Setter" />
    <ignoreAction name="JavaScript/ECMAScript 6/Replace string with template string" />
    <ignoreAction name="Markdown/Hide errors in code fences" />
    <ignoreAction name="Flow JS/Specify variable type explicitly" />
    <ignoreAction name="React/Convert to class component" />
    <ignoreAction name="TypeScript/Disable coloring of narrowed types" />
    <ignoreAction name="VueJS/Import component locally" />
  </component>
</application>