<application>
  <component name="LafManager">
    <laf themeId="64bac2a8-9558-4b8a-a0e0-a4017ec9117e" />
    <lafs-to-previous-schemes>
      <laf-to-scheme laf="64bac2a8-9558-4b8a-a0e0-a4017ec9114c" scheme="_@user_Gerry Darcula" />
      <laf-to-scheme laf="Darcula" scheme="vscode modern dark" />
      <laf-to-scheme laf="ExperimentalDark" scheme="vscode modern dark" />
      <laf-to-scheme laf="dinbtechit-2179230b863b9b1d9f1eeb27ca4a3a70" scheme="vscode modern dark copy" />
    </lafs-to-previous-schemes>
  </component>
</application>