<application>
  <component name="MarkdownApplicationSettings">
    <MarkdownPreviewSettings VerticalSplit="false" />
    <enabledExtensions>
      <entry key="MermaidLanguageExtension" value="true" />
      <entry key="PlantUMLLanguageExtension" value="false" />
    </enabledExtensions>
  </component>
  <component name="MarkdownExtensionsSettings">
    <enabledExtensions>
      <entry key="MermaidLanguageExtension" value="true" />
      <entry key="PlantUMLLanguageExtension" value="true" />
    </enabledExtensions>
  </component>
</application>