<application>
  <component name="NodeJsLocalInterpreterManager">
    <local-interpreter path="/usr/local/bin/node">
      <version-cache version="10.8.0" last-modified="1533140340000" />
    </local-interpreter>
    <local-interpreter path="$USER_HOME$/.nodebrew/current/bin/node">
      <version-cache version="18.3.0" last-modified="1654137266000" />
    </local-interpreter>
    <local-interpreter path="/usr/local/Cellar/node/15.0.1/bin/node">
      <version-cache last-modified="0" />
    </local-interpreter>
    <local-interpreter path="/usr/local/Cellar/node/13.2.0/bin/node">
      <version-cache last-modified="0" />
    </local-interpreter>
    <local-interpreter path="/usr/local/Cellar/node/12.12.0/bin/node">
      <version-cache last-modified="0" />
    </local-interpreter>
    <local-interpreter path="/usr/local/Cellar/node/12.3.1/bin/node">
      <version-cache last-modified="0" />
    </local-interpreter>
    <local-interpreter path="/usr/local/Cellar/node/11.1.0/bin/node">
      <version-cache last-modified="0" />
    </local-interpreter>
    <local-interpreter path="/usr/local/Cellar/node/10.11.0/bin/node">
      <version-cache last-modified="0" />
    </local-interpreter>
    <local-interpreter path="/usr/local/Cellar/node/10.8.0/bin/node">
      <version-cache last-modified="0" />
    </local-interpreter>
  </component>
</application>