<application>
  <component name="NodeJsLocalInterpreterManager">
    <local-interpreter path="$USER_HOME$/.nodebrew/current/bin/node">
      <version-cache version="18.1.0" last-modified="1651563715000" />
    </local-interpreter>
    <local-interpreter path="/usr/local/Cellar/node/15.0.1/bin/node" />
    <local-interpreter path="/usr/local/Cellar/node/13.2.0/bin/node" />
    <local-interpreter path="/usr/local/Cellar/node/12.12.0/bin/node" />
    <local-interpreter path="/usr/local/Cellar/node/12.3.1/bin/node" />
    <local-interpreter path="/usr/local/Cellar/node/11.1.0/bin/node" />
    <local-interpreter path="/usr/local/Cellar/node/10.11.0/bin/node" />
    <local-interpreter path="/usr/local/Cellar/node/10.8.0/bin/node" />
    <local-interpreter path="/usr/local/bin/node" />
  </component>
</application>