<application>
  <component name="NodeJsLocalInterpreterManager">
    <local-interpreter path="$USER_HOME$/.nodebrew/current/bin/node">
      <version-cache last-modified="0" />
    </local-interpreter>
    <local-interpreter path="/usr/local/bin/node">
      <version-cache last-modified="0" />
    </local-interpreter>
    <local-interpreter path="/var/folders/vd/k7v3_2j15h14t9509844kbnr0000gn/T/yarn--1685092146956-0.9915881724998796/node">
      <version-cache last-modified="0" />
    </local-interpreter>
    <local-interpreter path="$USER_HOME$/.volta/bin/node">
      <version-cache version="20.14.0" last-modified="1674596268000" />
    </local-interpreter>
    <local-interpreter path="$USER_HOME$/.volta/tools/image/node/18.16.0/bin/node">
      <version-cache version="18.16.0" last-modified="1681274555000" />
    </local-interpreter>
    <local-interpreter path="/usr/local/Cellar/node/15.0.1/bin/node">
      <version-cache last-modified="0" />
    </local-interpreter>
    <local-interpreter path="/usr/local/Cellar/node/13.2.0/bin/node">
      <version-cache last-modified="0" />
    </local-interpreter>
    <local-interpreter path="/usr/local/Cellar/node/12.12.0/bin/node">
      <version-cache last-modified="0" />
    </local-interpreter>
    <local-interpreter path="/usr/local/Cellar/node/12.3.1/bin/node">
      <version-cache last-modified="0" />
    </local-interpreter>
    <local-interpreter path="/usr/local/Cellar/node/11.1.0/bin/node">
      <version-cache last-modified="0" />
    </local-interpreter>
    <local-interpreter path="/usr/local/Cellar/node/10.11.0/bin/node">
      <version-cache last-modified="0" />
    </local-interpreter>
    <local-interpreter path="/usr/local/Cellar/node/10.8.0/bin/node">
      <version-cache last-modified="0" />
    </local-interpreter>
  </component>
</application>