<application>
  <component name="NotificationConfiguration">
    <notification groupId="Automatic indent detection" shouldLog="false" />
    <notification groupId="Branch Context group" shouldLog="false" />
    <notification groupId="Code style settings migration" displayType="STICKY_BALLOON" shouldLog="false" />
    <notification groupId="Collect Zipped Logs" shouldLog="false" />
    <notification groupId="Docker: Dockerfile detection" displayType="NONE" shouldLog="false" />
    <notification groupId="External Executable Critical Failures" displayType="STICKY_BALLOON" shouldLog="false" />
    <notification groupId="IDE and Plugin Updates" displayType="STICKY_BALLOON" shouldLog="false" />
    <notification groupId="JBA Cloud Config" displayType="STICKY_BALLOON" shouldLog="false" />
    <notification groupId="JSCS Config Import" displayType="NONE" shouldLog="false" />
    <notification groupId="JSCS Messages" shouldLog="false" />
    <notification groupId="JSON Schema" displayType="NONE" shouldLog="false" />
    <notification groupId="Linters" displayType="NONE" shouldLog="false" />
    <notification groupId="Node.js interpreter" shouldLog="false" />
    <notification groupId="Plugins Suggestion" displayType="STICKY_BALLOON" shouldLog="false" />
    <notification groupId="Power Save Mode" shouldLog="false" />
    <notification groupId="Project generator" shouldLog="false" />
    <notification groupId="Project Startup Tasks Messages" displayType="NONE" shouldLog="false" />
    <notification groupId="Required Plugins" shouldLog="false" />
    <notification groupId="scrolling-capabilities-debug" displayType="NONE" shouldLog="false" />
    <notification groupId="System Health" displayType="STICKY_BALLOON" shouldLog="false" />
    <notification groupId="Vcs Important Messages" displayType="STICKY_BALLOON" shouldLog="false" />
    <notification groupId="Vcs Messages" displayType="TOOL_WINDOW" shouldLog="false" />
    <notification groupId="Vcs Notifications" shouldLog="false" />
    <notification groupId="Vcs Silent Notifications" displayType="NONE" shouldLog="false" />
    <notification groupId="Webpack" displayType="NONE" shouldLog="false" />
  </component>
</application>