<application>
  <component name="OverrideFileTypeManager">
    <file url="file://$USER_HOME$/laststance/create-react-app-vite/.all-contributorsrc" value="JSON" />
    <file url="file://$USER_HOME$/laststance/create-react-app-vite/.github/workflows/typecheck.yml" value="YAML" />
    <file url="file://$USER_HOME$/laststance/create-react-app-vite/scripts/remove_tailwind.js" value="JavaScript" />
    <file url="file://$USER_HOME$/laststance/geek-infiltration/.all-contributorsrc" value="JSON" />
    <file url="file://$USER_HOME$/laststance/geek-infiltration/.github/workflows/typecheck.yml" value="YAML" />
    <file url="file://$USER_HOME$/laststance/geek-infiltration/.graphqlconfig" value="JSON" />
    <file url="file://$USER_HOME$/laststance/laststance.io/.github/workflows/typecheck.yml" value="YAML" />
    <file url="file://$USER_HOME$/laststance/vite-rtk-query/.github/workflows/typecheck.yml" value="YAML" />
    <file url="file://$USER_HOME$/laststance/vite-rtk-query/scripts/remove_tailwind.js" value="JavaScript" />
    <file url="file://$USER_HOME$/nsx/.github/workflows/typecheck.yml" value="YAML" />
    <file url="file://$USER_HOME$/react-experimental-workspace/.github/workflows/typecheck.yml" value="YAML" />
    <file url="file://$USER_HOME$/react-experimental-workspace/generators/pages/index.tsx.hbs" value="Handlebars/Mustache" />
    <file url="file://$USER_HOME$/repository/react-next-utils/.github/workflows/typecheck.yml" value="YAML" />
    <file url="file://$USER_HOME$/rhizome/bw-express-mock-server/.github/workflows/typecheck.yml" value="YAML" />
    <file url="file://$USER_HOME$/utils/.github/workflows/typecheck.yml" value="YAML" />
  </component>
</application>