<application>
  <component name="PostfixTemplatesSettings">
    <option name="postfixTemplatesEnabled" value="false" />
    <option name="providerToDisabledTemplates">
      <disabled-templates provider="builtin.js">
        <value>
          <set>
            <option value="com.intellij.lang.javascript.template.postfix.JSAwaitPostfixTemplate#.await" />
            <option value="com.intellij.lang.javascript.template.postfix.JSElseStatementPostfixTemplate#.else" />
            <option value="com.intellij.lang.javascript.template.postfix.JSForInPostfixTemplate#.forin" />
            <option value="com.intellij.lang.javascript.template.postfix.JSForInPostfixTemplate#.itin" />
            <option value="com.intellij.lang.javascript.template.postfix.JSForOfPostfixTemplate#.forof" />
            <option value="com.intellij.lang.javascript.template.postfix.JSIfStatementPostfixTemplate#.if" />
            <option value="com.intellij.lang.javascript.template.postfix.JSIntroduceConstPostfixTemplate#.const" />
            <option value="com.intellij.lang.javascript.template.postfix.JSIntroduceLetPostfixTemplate#.let" />
            <option value="com.intellij.lang.javascript.template.postfix.JSIntroduceVarPostfixTemplate#.var" />
            <option value="com.intellij.lang.javascript.template.postfix.JSLogPostfixTemplate#.log" />
            <option value="com.intellij.lang.javascript.template.postfix.JSNotExpressionPostfixTemplate#!" />
            <option value="com.intellij.lang.javascript.template.postfix.JSNotExpressionPostfixTemplate#.not" />
            <option value="com.intellij.lang.javascript.template.postfix.JSNotNullStatementPostfixTemplate#.notnull" />
            <option value="com.intellij.lang.javascript.template.postfix.JSNullStatementPostfixTemplate#.null" />
            <option value="com.intellij.lang.javascript.template.postfix.JSParenthesizedPostfixTemplate#.par" />
            <option value="com.intellij.lang.javascript.template.postfix.JSReturnStatementPostfixTemplate#.return" />
            <option value="com.intellij.lang.javascript.template.postfix.JSThrowStatementPostfixTemplate#.throw" />
            <option value="com.intellij.lang.javascript.template.postfix.JSTypeOfExpressionPostfixTemplate#.typeof" />
            <option value="com.intellij.lang.javascript.template.postfix.JSUndefPostfixTemplate#.undef" />
          </set>
        </value>
      </disabled-templates>
    </option>
  </component>
</application>