<application>
  <component name="ProjectManager">
    <defaultProject>
      <component name="FileColors">
        <fileColor scope="Non-Project Files (Material Default)" color="2E3C43" />
        <fileColor scope="Non-Project Files (Material Darker)" color="323232" />
        <fileColor scope="Non-Project Files (Material Lighter)" color="eae8e8" />
        <fileColor scope="Non-Project Files (Material Palenight)" color="2f2e43" />
      </component>
      <component name="JavaScriptSettings">
        <option name="languageLevel" value="ES6" />
      </component>
      <component name="JsFlowSettings">
        <service-enabled>true</service-enabled>
        <exe-path />
        <other-services-enabled>true</other-services-enabled>
        <auto-save>true</auto-save>
      </component>
      <component name="MarkdownProjectSettings">
        <PreviewSettings splitEditorLayout="SPLIT" splitEditorPreview="PREVIEW" useGrayscaleRendering="false" zoomFactor="1.25" maxImageWidth="0" synchronizePreviewPosition="true" highlightPreviewType="LINE" highlightFadeOut="5" highlightOnTyping="true" synchronizeSourcePosition="true" verticallyAlignSourceAndPreviewSyncPosition="true" showSearchHighlightsInPreview="true" showSelectionInPreview="true" lastLayoutSetsDefault="false">
          <PanelProvider>
            <provider providerId="com.vladsch.idea.multimarkdown.editor.swing.html.panel" providerName="Default - Swing" />
          </PanelProvider>
        </PreviewSettings>
        <ParserSettings gitHubSyntaxChange="false" correctedInvalidSettings="false" emojiShortcuts="1" emojiImages="0">
          <PegdownExtensions>
            <option name="ANCHORLINKS" value="true" />
            <option name="ATXHEADERSPACE" value="true" />
            <option name="FENCED_CODE_BLOCKS" value="true" />
            <option name="INTELLIJ_DUMMY_IDENTIFIER" value="true" />
            <option name="RELAXEDHRULES" value="true" />
            <option name="STRIKETHROUGH" value="true" />
            <option name="TABLES" value="true" />
            <option name="TASKLISTITEMS" value="true" />
          </PegdownExtensions>
          <ParserOptions>
            <option name="COMMONMARK_LISTS" value="true" />
            <option name="EMOJI_SHORTCUTS" value="true" />
            <option name="GFM_TABLE_RENDERING" value="true" />
            <option name="PRODUCTION_SPEC_PARSER" value="true" />
            <option name="SIM_TOC_BLANK_LINE_SPACER" value="true" />
          </ParserOptions>
        </ParserSettings>
        <HtmlSettings headerTopEnabled="false" headerBottomEnabled="false" bodyTopEnabled="false" bodyBottomEnabled="false" addPageHeader="false" imageUriSerials="false" addDocTypeHtml="true" noParaTags="false" plantUmlConversion="0">
          <GeneratorProvider>
            <provider providerId="com.vladsch.idea.multimarkdown.editor.text.html.generator" providerName="Unmodified HTML Generator" />
          </GeneratorProvider>
          <headerTop />
          <headerBottom />
          <bodyTop />
          <bodyBottom />
        </HtmlSettings>
        <CssSettings previewScheme="UI_SCHEME" cssUri="" isCssUriEnabled="false" isCssUriSerial="true" isCssTextEnabled="false" isDynamicPageWidth="true">
          <StylesheetProvider>
            <provider providerId="com.vladsch.idea.multimarkdown.editor.text.html.css" providerName="No Stylesheet" />
          </StylesheetProvider>
          <ScriptProviders />
          <cssText />
          <cssUriHistory />
        </CssSettings>
      </component>
      <component name="ProjectViewState">
        <option name="autoscrollFromSource" value="true" />
        <option name="hideEmptyMiddlePackages" value="true" />
        <option name="showLibraryContents" value="true" />
        <option name="showMembers" value="true" />
      </component>
      <component name="PropertiesComponent">{
  &quot;keyToString&quot;: {
    &quot;settings.editor.selected.configurable&quot;: &quot;preferences.pluginManager&quot;
  }
}</component>
      <component name="TaskManager">
        <task active="true" id="Default" summary="Default task">
          <created>1688916979112</created>
          <option name="number" value="Default" />
          <option name="presentableId" value="Default" />
          <updated>1688916979112</updated>
        </task>
        <servers />
      </component>
      <component name="TypeScriptCompiler">
        <option name="typeScriptServiceDirectory" value="$APPLICATION_HOME_DIR$/plugins/JavaScriptLanguage/jsLanguageServicesImpl" />
        <option name="versionType" value="SERVICE_DIRECTORY" />
      </component>
      <component name="WindowStateProjectService">
        <state x="155" y="31" key="SettingsEditor" timestamp="1689977797061">
          <screen x="0" y="25" width="1792" height="1095" />
        </state>
        <state x="155" y="31" key="SettingsEditor/0.25.1792.1095" timestamp="1689977797061" />
        <state x="166" y="25" key="SettingsEditor/0.25.1920.1055" timestamp="1688917028969" />
      </component>
    </defaultProject>
  </component>
</application>