<application>
  <component name="RainbowSettings">
    <option name="cycleCountOnAllBrackets" value="true" />
    <option name="doNOTRainbowifyBracketsWithoutContent" value="true" />
    <option name="indentGuidesOptions" value="Only selected indent guide" />
    <option name="pressAnyKeyToRemoveTheHighlightingEffects" value="true" />
    <option name="rainbowifyTagNameInXML" value="true" />
    <option name="rainbowifyTagNameInYAML" value="true" />
    <option name="suppressBigFileCheck" value="true" />
    <option name="suppressXMLCheck" value="true" />
    <option name="useColorGenerator" value="true" />
    <option name="version" value="2023.3.9-233" />
  </component>
</application>