<application>
  <component name="RainbowSettings">
    <option name="borderHighlightingStrength" value="0.0" />
    <option name="customIndentGuides" value="true" />
    <option name="enableRainbowVariablesBySemanticHighlighting" value="true" />
    <option name="highlightCurrentBlockOptions" value="Highlight" />
    <option name="indentGuidesOptions" value="Only current indent guide" />
    <option name="rainbowifyTagNameInXML" value="true" />
    <option name="rainbowifyTagNameInYAML" value="true" />
    <option name="restrainHighlightingKeepOriginalColor" value="true" />
    <option name="restrainHighlightingStrength" value="0.49" />
    <option name="scopeHighlightStrength" value="0.05" />
    <option name="suppressBigFileCheck" value="true" />
    <option name="useColorGenerator" value="true" />
    <option name="useColorGeneratorForRainbowVariables" value="true" />
    <option name="version" value="2024.2.2-233" />
  </component>
</application>