<application>
  <component name="BlockTerminalUsage">
    <option name="blockTerminalUsedLastTimeMillis" value="1746030167544" />
    <option name="blockTerminalUsedLastVersion" value="251.23774.424" />
  </component>
  <component name="ReworkedTerminalUsage"><![CDATA[{
  "feedbackNotificationShown": true,
  "enterKeyPressedTimes": 23
}]]></component>
  <component name="TerminalOptionsProvider">
    <option name="terminalEngine" value="REWORKED" />
    <option name="useOptionAsMetaKey" value="true" />
  </component>
</application>