<application>
  <component name="Trusted.Paths">
    <option name="TRUSTED_PROJECT_PATHS">
      <map>
        <entry key="$USER_HOME$" value="true" />
        <entry key="$USER_HOME$/chadcn-playground" value="true" />
        <entry key="$USER_HOME$/clone/argos-ci.com" value="true" />
        <entry key="$USER_HOME$/clone/examples/examples/with-next" value="true" />
        <entry key="$USER_HOME$/clone/orpc" value="true" />
        <entry key="$USER_HOME$/clone/plate" value="true" />
        <entry key="$USER_HOME$/clone/react-toastify" value="true" />
        <entry key="$USER_HOME$/clone/sonner" value="true" />
        <entry key="$USER_HOME$/clone/use-context-menu" value="true" />
        <entry key="$USER_HOME$/clone/zod" value="true" />
        <entry key="$USER_HOME$/corelive" value="true" />
        <entry key="$USER_HOME$/dotfiles" value="true" />
        <entry key="$USER_HOME$/fork/argos" value="true" />
        <entry key="$USER_HOME$/fork/next.js" value="true" />
        <entry key="$USER_HOME$/fork/react-hook-form" value="true" />
        <entry key="$USER_HOME$/fork/redux-toolkit" value="true" />
        <entry key="$USER_HOME$/fork/zustand" value="true" />
        <entry key="$USER_HOME$/laststance/corelive" value="true" />
        <entry key="$USER_HOME$/laststance/create-react-app-vite" value="true" />
        <entry key="$USER_HOME$/laststance/do-i-need-an-umbrella" value="true" />
        <entry key="$USER_HOME$/laststance/eslint-config-ts-prefixer" value="true" />
        <entry key="$USER_HOME$/laststance/geek-infiltration" value="true" />
        <entry key="$USER_HOME$/laststance/git-commit-gpt" value="true" />
        <entry key="$USER_HOME$/laststance/git-gpt-commit" value="true" />
        <entry key="$USER_HOME$/laststance/guestbook" value="true" />
        <entry key="$USER_HOME$/laststance/laststance.io" value="true" />
        <entry key="$USER_HOME$/laststance/laststance.io/redux-front-page" value="true" />
        <entry key="$USER_HOME$/laststance/prettier-husky-lint-staged-installer" value="true" />
        <entry key="$USER_HOME$/laststance/redux-persist" value="true" />
        <entry key="$USER_HOME$/laststance/vite-rtk-query" value="true" />
        <entry key="$USER_HOME$/nextjs-dashboard" value="true" />
        <entry key="$USER_HOME$/nsx" value="true" />
        <entry key="$USER_HOME$/purchased/nexus-pro-ts@0.1.0" value="true" />
        <entry key="$USER_HOME$/react-experimental-workspace" value="true" />
        <entry key="$USER_HOME$/react-next-tailwind-ui" value="true" />
        <entry key="$USER_HOME$/react-tailwind-components" value="true" />
        <entry key="$USER_HOME$/react-utils" value="true" />
        <entry key="$USER_HOME$/repository/Mockoon-playground" value="true" />
        <entry key="$USER_HOME$/repository/ViewTransitions" value="true" />
        <entry key="$USER_HOME$/repository/app-router-playground" value="true" />
        <entry key="$USER_HOME$/repository/chat-app" value="true" />
        <entry key="$USER_HOME$/repository/create-next-app-with-redux" value="true" />
        <entry key="$USER_HOME$/repository/docs" value="true" />
        <entry key="$USER_HOME$/repository/hooks-guide" value="true" />
        <entry key="$USER_HOME$/repository/my-app" value="true" />
        <entry key="$USER_HOME$/repository/next-app-router-with-msw" value="true" />
        <entry key="$USER_HOME$/repository/nextjs-dashboard" value="true" />
        <entry key="$USER_HOME$/repository/orpc-react" value="true" />
        <entry key="$USER_HOME$/repository/re-render" value="true" />
        <entry key="$USER_HOME$/repository/react-next-tailwind-ui" value="true" />
        <entry key="$USER_HOME$/repository/react-next-utils" value="true" />
        <entry key="$USER_HOME$/repository/react-utils" value="true" />
        <entry key="$USER_HOME$/repository/vanilla-tailwind-components" value="true" />
        <entry key="$USER_HOME$/rhizome/bond-works-chat-front" value="true" />
        <entry key="$USER_HOME$/rhizome/bond-works-communication-front" value="true" />
        <entry key="$USER_HOME$/rhizome/bond-works-portal-front" value="true" />
        <entry key="$USER_HOME$/rhizome/bond-works-ui" value="true" />
        <entry key="$USER_HOME$/rhizome/bw-express-mock-server" value="true" />
        <entry key="$USER_HOME$/rhizome/frontend/bond-works-communication-front" value="true" />
        <entry key="$USER_HOME$/rhizome/redmine-tools" value="true" />
        <entry key="$USER_HOME$/ui-library/daisyui" value="true" />
        <entry key="$USER_HOME$/ui-library/radix-ui-primitives" value="true" />
        <entry key="$USER_HOME$/ui-library/react-daisyui" value="true" />
        <entry key="$USER_HOME$/unfarely" value="true" />
        <entry key="$USER_HOME$/utils" value="true" />
        <entry key="$USER_HOME$/web-auth" value="true" />
        <entry key="$USER_HOME$/web-auth/playground" value="true" />
      </map>
    </option>
  </component>
  <component name="Trusted.Paths.Settings">
    <option name="TRUSTED_PATHS">
      <list>
        <option value="$USER_HOME$" />
      </list>
    </option>
  </component>
</application>