<application>
  <component name="UpdatesConfigurable">
    <option name="LAST_BUILD_CHECKED" value="WS-251.25410.117" />
    <option name="LAST_TIME_CHECKED" value="1749466263882" />
    <option name="OBSOLETE_CUSTOM_REPOSITORIES_CLEAN_NEEDED" value="false" />
    <pluginHosts>
      <item value="https://plugins.jetbrains.com/plugins/nightly/17718" />
    </pluginHosts>
    <option name="PLUGINS_AUTO_UPDATE" value="true" />
    <option name="THIRD_PARTY_PLUGINS_ALLOWED" value="true" />
    <option name="WHATS_NEW_SHOWN_FOR" value="251" />
  </component>
</application>