<application>
  <component name="UpdatesConfigurable">
    <option name="LAST_BUILD_CHECKED" value="WS-252.23892.411" />
    <option name="LAST_TIME_CHECKED" value="1754380844810" />
    <option name="OBSOLETE_CUSTOM_REPOSITORIES_CLEAN_NEEDED" value="false" />
    <pluginHosts>
      <item value="https://plugins.jetbrains.com/plugins/nightly/17718" />
    </pluginHosts>
    <option name="PLUGINS_AUTO_UPDATE" value="true" />
    <option name="THIRD_PARTY_PLUGINS_ALLOWED" value="true" />
    <option name="WHATS_NEW_SHOWN_FOR" value="252" />
  </component>
</application>