<application>
  <component name="UpdatesConfigurable">
    <option name="LAST_BUILD_CHECKED" value="WS-242.20224.33" />
    <option name="LAST_TIME_CHECKED" value="1721050799184" />
    <option name="OBSOLETE_CUSTOM_REPOSITORIES_CLEAN_NEEDED" value="false" />
    <pluginHosts>
      <item value="https://plugins.jetbrains.com/plugins/nightly/17718" />
    </pluginHosts>
    <option name="THIRD_PARTY_PLUGINS_ALLOWED" value="true" />
    <option name="UPDATE_CHANNEL_TYPE" value="eap" />
    <option name="WHATS_NEW_SHOWN_FOR" value="241" />
  </component>
</application>