<application>
  <component name="DiffApplicationSettings">
    <option name="SHOW_LST_WORD_DIFFERENCES" value="false" />
  </component>
  <component name="Vcs.Log.App.Settings">
    <option name="COLUMN_ID_ORDER">
      <list>
        <option value="Default.Root" />
        <option value="Default.Subject" />
        <option value="Default.Date" />
        <option value="Default.Author" />
        <option value="Space.CommitStatus" />
      </list>
    </option>
    <option name="PREFER_COMMIT_DATE" value="true" />
    <option name="SHOW_CHANGES_FROM_PARENTS" value="true" />
    <option name="SHOW_DIFF_PREVIEW" value="true" />
  </component>
  <component name="VcsApplicationSettings">
    <option name="SHOW_LST_ERROR_STRIPE_MARKERS" value="false" />
    <option name="CREATE_CHANGELISTS_AUTOMATICALLY" value="true" />
  </component>
</application>