<application>
  <component name="DimensionService">
    <location key="find.popup.0.0.1920.1080@144dpi" x="624" y="25" />
    <location key="find.popup.0.0.3584.2240@288dpi" x="1164" y="50" />
    <location key="find.popup.3840.240.3072.1920@288dpi" x="4550" y="290" />
    <location key="find.popup.-3072.0.3072.1920@288dpi" x="-2112" y="104" />
    <location key="UiInspectorWindow.0.0.1920.1080@144dpi" x="0" y="25" />
    <size key="find.popup.0.0.1920.1080@144dpi" width="891" height="708" />
    <size key="GridCell.Tab.0.left.0.0.1920.1080@144dpi" width="1343" height="300" />
    <size key="GridCell.Tab.0.center.0.0.1920.1080@144dpi" width="1343" height="300" />
    <size key="GridCell.Tab.0.right.0.0.1920.1080@144dpi" width="1343" height="300" />
    <size key="GridCell.Tab.0.bottom.0.0.1920.1080@144dpi" width="1343" height="300" />
    <size key="find.popup.0.0.3584.2240@288dpi" width="1782" height="1416" />
    <size key="GridCell.Tab.1.left.0.0.1920.1080@144dpi" width="1343" height="300" />
    <size key="GridCell.Tab.1.center.0.0.1920.1080@144dpi" width="1343" height="300" />
    <size key="GridCell.Tab.1.right.0.0.1920.1080@144dpi" width="1343" height="300" />
    <size key="GridCell.Tab.1.bottom.0.0.1920.1080@144dpi" width="1343" height="300" />
    <size key="GridCell.Tab.2.left.0.0.1920.1080@144dpi" width="1920" height="299" />
    <size key="GridCell.Tab.2.center.0.0.1920.1080@144dpi" width="1920" height="299" />
    <size key="GridCell.Tab.2.right.0.0.1920.1080@144dpi" width="1920" height="299" />
    <size key="GridCell.Tab.2.bottom.0.0.1920.1080@144dpi" width="1920" height="299" />
    <size key="GridCell.Tab.3.left.0.0.1920.1080@144dpi" width="1920" height="299" />
    <size key="GridCell.Tab.3.center.0.0.1920.1080@144dpi" width="1920" height="299" />
    <size key="GridCell.Tab.3.right.0.0.1920.1080@144dpi" width="1920" height="299" />
    <size key="GridCell.Tab.3.bottom.0.0.1920.1080@144dpi" width="1920" height="299" />
    <size key="find.popup.3840.240.3072.1920@288dpi" width="2362" height="1256" />
    <size key="GridCell.Tab.0.left.3840.240.3072.1920@288dpi" width="3072" height="520" />
    <size key="GridCell.Tab.0.center.3840.240.3072.1920@288dpi" width="3072" height="520" />
    <size key="GridCell.Tab.0.right.3840.240.3072.1920@288dpi" width="3072" height="520" />
    <size key="GridCell.Tab.0.bottom.3840.240.3072.1920@288dpi" width="3072" height="520" />
    <size key="find.popup.-3072.0.3072.1920@288dpi" width="1782" height="1416" />
    <size key="UiInspectorWindow.0.0.1920.1080@144dpi" width="1407" height="797" />
    <size key="#com.intellij.internal.psiView.PsiViewerDialog.0.0.1920.1080@144dpi" width="1200" height="900" />
    <size key="GridCell.Tab.0.left.-3072.0.3072.1920@288dpi" width="2148" height="520" />
    <size key="GridCell.Tab.0.center.-3072.0.3072.1920@288dpi" width="2148" height="520" />
    <size key="GridCell.Tab.0.right.-3072.0.3072.1920@288dpi" width="2148" height="520" />
    <size key="GridCell.Tab.0.bottom.-3072.0.3072.1920@288dpi" width="2148" height="520" />
    <size key="GridCell.Tab.1.left.-3072.0.3072.1920@288dpi" width="2148" height="520" />
    <size key="GridCell.Tab.1.center.-3072.0.3072.1920@288dpi" width="2148" height="520" />
    <size key="GridCell.Tab.1.right.-3072.0.3072.1920@288dpi" width="2148" height="520" />
    <size key="GridCell.Tab.1.bottom.-3072.0.3072.1920@288dpi" width="2148" height="520" />
  </component>
  <component name="WindowManager">
    <frame x="0" y="25" width="1920" height="1055" extendedState="6" />
  </component>
  <component name="WindowStateApplicationService">
    <state width="653" height="172" key="ShowUsagesActions.dimensionServiceKey" timestamp="1748095137515">
      <screen x="0" y="25" width="1920" height="1055" />
    </state>
    <state width="758" height="172" key="ShowUsagesActions.dimensionServiceKey/0.25.1792.1095" timestamp="1745690383634" />
    <state width="625" height="172" key="ShowUsagesActions.dimensionServiceKey/0.25.1920.1055" timestamp="1747516451064" />
    <state width="653" height="172" key="ShowUsagesActions.dimensionServiceKey/0.25.1920.1055/-1536.25.1536.935" timestamp="1748095137515" />
    <state x="960" y="552" width="1920" height="1055" key="WELCOME_SCREEN" timestamp="1749471891713">
      <screen x="0" y="25" width="1920" height="1055" />
    </state>
    <state x="896" y="565" width="1792" height="1055" key="WELCOME_SCREEN/0.25.1792.1095" timestamp="1746740689534" />
    <state x="960" y="552" width="1920" height="1055" key="WELCOME_SCREEN/0.25.1920.1055" timestamp="1749471891713" />
    <state x="960" y="552" width="1920" height="1055" key="WELCOME_SCREEN/0.25.1920.1055/-1536.25.1536.935" timestamp="1748093208373" />
  </component>
</application>