<application>
  <component name="DimensionService">
    <location key="find.popup.0.0.1920.1080@144dpi" x="624" y="25" />
    <location key="find.popup.0.0.3584.2240@288dpi" x="1164" y="50" />
    <location key="find.popup.3840.240.3072.1920@288dpi" x="4550" y="290" />
    <location key="find.popup.-3072.0.3072.1920@288dpi" x="-2112" y="104" />
    <location key="UiInspectorWindow.0.0.1920.1080@144dpi" x="0" y="25" />
    <size key="find.popup.0.0.1920.1080@144dpi" width="955" height="709" />
    <size key="GridCell.Tab.0.left.0.0.1920.1080@144dpi" width="1920" height="299" />
    <size key="GridCell.Tab.0.center.0.0.1920.1080@144dpi" width="1920" height="299" />
    <size key="GridCell.Tab.0.right.0.0.1920.1080@144dpi" width="1920" height="299" />
    <size key="GridCell.Tab.0.bottom.0.0.1920.1080@144dpi" width="1920" height="299" />
    <size key="find.popup.0.0.3584.2240@288dpi" width="1782" height="1470" />
    <size key="GridCell.Tab.1.left.0.0.1920.1080@144dpi" width="1920" height="435" />
    <size key="GridCell.Tab.1.center.0.0.1920.1080@144dpi" width="1920" height="435" />
    <size key="GridCell.Tab.1.right.0.0.1920.1080@144dpi" width="1920" height="435" />
    <size key="GridCell.Tab.1.bottom.0.0.1920.1080@144dpi" width="1920" height="435" />
    <size key="GridCell.Tab.2.left.0.0.1920.1080@144dpi" width="1920" height="435" />
    <size key="GridCell.Tab.2.center.0.0.1920.1080@144dpi" width="1920" height="435" />
    <size key="GridCell.Tab.2.right.0.0.1920.1080@144dpi" width="1920" height="435" />
    <size key="GridCell.Tab.2.bottom.0.0.1920.1080@144dpi" width="1920" height="435" />
    <size key="GridCell.Tab.3.left.0.0.1920.1080@144dpi" width="1920" height="435" />
    <size key="GridCell.Tab.3.center.0.0.1920.1080@144dpi" width="1920" height="435" />
    <size key="GridCell.Tab.3.right.0.0.1920.1080@144dpi" width="1920" height="435" />
    <size key="GridCell.Tab.3.bottom.0.0.1920.1080@144dpi" width="1920" height="435" />
    <size key="find.popup.3840.240.3072.1920@288dpi" width="2362" height="1256" />
    <size key="GridCell.Tab.0.left.3840.240.3072.1920@288dpi" width="3072" height="520" />
    <size key="GridCell.Tab.0.center.3840.240.3072.1920@288dpi" width="3072" height="520" />
    <size key="GridCell.Tab.0.right.3840.240.3072.1920@288dpi" width="3072" height="520" />
    <size key="GridCell.Tab.0.bottom.3840.240.3072.1920@288dpi" width="3072" height="520" />
    <size key="find.popup.-3072.0.3072.1920@288dpi" width="1782" height="1416" />
    <size key="UiInspectorWindow.0.0.1920.1080@144dpi" width="1407" height="797" />
    <size key="#com.intellij.internal.psiView.PsiViewerDialog.0.0.1920.1080@144dpi" width="1200" height="900" />
  </component>
  <component name="WindowManager">
    <frame x="0" y="25" width="1920" height="1055" extendedState="6" />
  </component>
  <component name="WindowStateApplicationService">
    <state width="641" height="172" key="ShowUsagesActions.dimensionServiceKey" timestamp="1719355997218">
      <screen x="0" y="25" width="1920" height="1055" />
    </state>
    <state width="753" height="238" key="ShowUsagesActions.dimensionServiceKey/0.25.1792.1095" timestamp="1715921694465" />
    <state width="641" height="172" key="ShowUsagesActions.dimensionServiceKey/0.25.1920.1055" timestamp="1719355997218" />
    <state width="883" height="172" key="ShowUsagesActions.dimensionServiceKey/0.25.1920.1055/-1536.25.1536.935" timestamp="1719293456870" />
    <state width="936" height="139" key="ShowUsagesActions.dimensionServiceKey/0.25.1920.1055/1920.145.1536.935" timestamp="1715688069341" />
    <state x="0" y="25" width="1407" height="797" key="UiInspectorWindow" timestamp="1716205251290">
      <screen x="0" y="25" width="1920" height="1055" />
    </state>
    <state x="0" y="25" width="1407" height="797" key="UiInspectorWindow/0.25.1920.1055" timestamp="1716205251290" />
    <state x="960" y="552" width="1920" height="1055" key="WELCOME_SCREEN" timestamp="1721857015135">
      <screen x="0" y="25" width="1920" height="1055" />
    </state>
    <state x="960" y="552" width="1920" height="1055" key="WELCOME_SCREEN/0.25.1920.1055" timestamp="1721857015135" />
    <state x="960" y="552" width="1920" height="1055" key="WELCOME_SCREEN/0.25.1920.1055/-1536.25.1536.935" timestamp="1721785374954" />
    <state x="2688" y="632" width="1536" height="975" key="WELCOME_SCREEN/0.25.1920.1055/1920.145.1536.935" timestamp="1715341543907" />
  </component>
</application>