<profile version="1.0" is_locked="true">
  <option name="myName" value="My TypeScript Project Setting" />
  <inspection_tool class="AlphaUnsortedPropertiesFile" enabled="false" level="WEAK WARNING" enabled_by_default="false" />
  <inspection_tool class="AmdModulesDependencies" enabled="false" level="WEAK WARNING" enabled_by_default="false" />
  <inspection_tool class="Annotator" enabled="false" level="ERROR" enabled_by_default="false" />
  <inspection_tool class="AnonymousFunctionJS" enabled="false" level="WARNING" enabled_by_default="false" />
  <inspection_tool class="AssignmentResultUsedJS" enabled="false" level="WARNING" enabled_by_default="false" />
  <inspection_tool class="AssignmentToForLoopParameterJS" enabled="false" level="WARNING" enabled_by_default="false" />
  <inspection_tool class="AssignmentToFunctionParameterJS" enabled="false" level="WARNING" enabled_by_default="false" />
  <inspection_tool class="BadExpressionStatementJS" enabled="false" level="WARNING" enabled_by_default="false" />
  <inspection_tool class="BashAddShebang" enabled="false" level="WARNING" enabled_by_default="false" />
  <inspection_tool class="BashBuiltInVariable" enabled="false" level="WARNING" enabled_by_default="false" />
  <inspection_tool class="BashDuplicateFunction" enabled="false" level="WARNING" enabled_by_default="false" />
  <inspection_tool class="BashEvaluateArithmeticExpression" enabled="false" level="WARNING" enabled_by_default="false" />
  <inspection_tool class="BashEvaluateExpression" enabled="false" level="WARNING" enabled_by_default="false" />
  <inspection_tool class="BashFixShebang" enabled="false" level="WARNING" enabled_by_default="false">
    <shebang>/bin/bash</shebang>
    <shebang>/bin/sh</shebang>
  </inspection_tool>
  <inspection_tool class="BashFloatArithmetic" enabled="false" level="INFO" enabled_by_default="false" />
  <inspection_tool class="BashFunctionNamesShouldBeLowerSnakeCase" enabled="false" level="WEAK WARNING" enabled_by_default="false" />
  <inspection_tool class="BashGlobalLocalVarDef" enabled="false" level="WEAK WARNING" enabled_by_default="false" />
  <inspection_tool class="BashGloballyRegisteredVariable" enabled="false" level="WEAK WARNING" enabled_by_default="false" />
  <inspection_tool class="BashInternalCommandFunctionOverride" enabled="false" level="WEAK WARNING" enabled_by_default="false" />
  <inspection_tool class="BashMissingInclude" enabled="false" level="WARNING" enabled_by_default="false" />
  <inspection_tool class="BashReadOnlyVariable" enabled="false" level="ERROR" enabled_by_default="false" />
  <inspection_tool class="BashRecursiveInclusion" enabled="false" level="WARNING" enabled_by_default="false" />
  <inspection_tool class="BashReplaceWithBackquote" enabled="false" level="WEAK WARNING" enabled_by_default="false" />
  <inspection_tool class="BashReplaceWithDoubleBrackets" enabled="false" level="INFO" enabled_by_default="false" />
  <inspection_tool class="BashReplaceWithSubshell" enabled="false" level="INFO" enabled_by_default="false" />
  <inspection_tool class="BashSimpleArrayUse" enabled="false" level="INFO" enabled_by_default="false" />
  <inspection_tool class="BashSimpleVarUsage" enabled="false" level="WEAK WARNING" enabled_by_default="false" />
  <inspection_tool class="BashUnknownFileDescriptor" enabled="false" level="WARNING" enabled_by_default="false" />
  <inspection_tool class="BashUnresolvedVariable" enabled="false" level="WARNING" enabled_by_default="false" />
  <inspection_tool class="BashUnusedFunction" enabled="false" level="WARNING" enabled_by_default="false" />
  <inspection_tool class="BashUnusedFunctionParams" enabled="false" level="WARNING" enabled_by_default="false" />
  <inspection_tool class="BashWrapFunction" enabled="false" level="WEAK WARNING" enabled_by_default="false" />
  <inspection_tool class="BashWrapWord" enabled="false" level="WEAK WARNING" enabled_by_default="false" />
  <inspection_tool class="BlockStatementJS" enabled="false" level="WARNING" enabled_by_default="false" />
  <inspection_tool class="BreakStatementJS" enabled="false" level="WARNING" enabled_by_default="false" />
  <inspection_tool class="BreakStatementWithLabelJS" enabled="false" level="WARNING" enabled_by_default="false" />
  <inspection_tool class="CallerJS" enabled="false" level="WARNING" enabled_by_default="false" />
  <inspection_tool class="CargoTomlCyclicFeature" enabled="false" level="ERROR" enabled_by_default="false" />
  <inspection_tool class="ChainedEqualityJS" enabled="false" level="WARNING" enabled_by_default="false" />
  <inspection_tool class="ChainedFunctionCallJS" enabled="false" level="WARNING" enabled_by_default="false" />
  <inspection_tool class="CheckDtdRefs" enabled="false" level="ERROR" enabled_by_default="false" />
  <inspection_tool class="CheckEmptyScriptTag" enabled="false" level="WARNING" enabled_by_default="false" />
  <inspection_tool class="CheckImageSize" enabled="true" level="WARNING" enabled_by_default="true" />
  <inspection_tool class="CheckTagEmptyBody" enabled="false" level="WARNING" enabled_by_default="false" />
  <inspection_tool class="CheckValidXmlInScriptTagBody" enabled="true" level="ERROR" enabled_by_default="true" />
  <inspection_tool class="CheckXmlFileWithXercesValidator" enabled="false" level="ERROR" enabled_by_default="false" />
  <inspection_tool class="CoffeeScriptArgumentsOutsideFunction" enabled="false" level="WARNING" enabled_by_default="false" />
  <inspection_tool class="CoffeeScriptFunctionSignatures" enabled="false" level="WEAK WARNING" enabled_by_default="false" />
  <inspection_tool class="CoffeeScriptInfiniteLoop" enabled="false" level="WARNING" enabled_by_default="false" />
  <inspection_tool class="CoffeeScriptLiteralNotFunction" enabled="false" level="ERROR" enabled_by_default="false" />
  <inspection_tool class="CoffeeScriptModulesDependencies" enabled="false" level="WEAK WARNING" enabled_by_default="false" />
  <inspection_tool class="CoffeeScriptSillyAssignment" enabled="false" level="WARNING" enabled_by_default="false" />
  <inspection_tool class="CoffeeScriptSwitchStatementWithNoDefaultBranch" enabled="false" level="WARNING" enabled_by_default="false" />
  <inspection_tool class="CoffeeScriptUnusedLocalSymbols" enabled="false" level="WARNING" enabled_by_default="false" />
  <inspection_tool class="CommaExpressionJS" enabled="false" level="WARNING" enabled_by_default="false" />
  <inspection_tool class="ComposeMissingKeys" enabled="true" level="ERROR" enabled_by_default="true" />
  <inspection_tool class="ComposeUnknownKeys" enabled="true" level="ERROR" enabled_by_default="true" />
  <inspection_tool class="ComposeUnknownValues" enabled="true" level="ERROR" enabled_by_default="true" />
  <inspection_tool class="ComposeUnquotedPorts" enabled="true" level="WEAK WARNING" enabled_by_default="true" />
  <inspection_tool class="ConditionalExpressionJS" enabled="false" level="WARNING" enabled_by_default="false" />
  <inspection_tool class="ConditionalExpressionWithIdenticalBranchesJS" enabled="false" level="WARNING" enabled_by_default="false" />
  <inspection_tool class="ConfusingFloatingPointLiteralJS" enabled="false" level="WARNING" enabled_by_default="false" />
  <inspection_tool class="ConfusingPlusesOrMinusesJS" enabled="false" level="WARNING" enabled_by_default="false" />
  <inspection_tool class="ConstantConditionalExpressionJS" enabled="false" level="WARNING" enabled_by_default="false" />
  <inspection_tool class="ConstantIfStatementJS" enabled="false" level="WARNING" enabled_by_default="false" />
  <inspection_tool class="ConstantOnLHSOfComparisonJS" enabled="false" level="WARNING" enabled_by_default="false" />
  <inspection_tool class="ConstantOnRHSOfComparisonJS" enabled="false" level="WARNING" enabled_by_default="false" />
  <inspection_tool class="ContinueOrBreakFromFinallyBlockJS" enabled="false" level="WARNING" enabled_by_default="false" />
  <inspection_tool class="ContinueStatementJS" enabled="false" level="WARNING" enabled_by_default="false" />
  <inspection_tool class="ContinueStatementWithLabelJS" enabled="false" level="WARNING" enabled_by_default="false" />
  <inspection_tool class="CrateNotFound" enabled="false" level="WARNING" enabled_by_default="false" />
  <inspection_tool class="CrateVersionInvalid" enabled="false" level="WARNING" enabled_by_default="false" />
  <inspection_tool class="CssBrowserCompatibilityForProperties" enabled="false" level="WARNING" enabled_by_default="false" />
  <inspection_tool class="CssConvertColorToHexInspection" enabled="false" level="WARNING" enabled_by_default="false" />
  <inspection_tool class="CssConvertColorToRgbInspection" enabled="false" level="WARNING" enabled_by_default="false" />
  <inspection_tool class="CssFloatPxLength" enabled="false" level="WEAK WARNING" enabled_by_default="false" />
  <inspection_tool class="CssInvalidAtRule" enabled="true" level="ERROR" enabled_by_default="true" />
  <inspection_tool class="CssInvalidCharsetRule" enabled="true" level="WARNING" enabled_by_default="true" />
  <inspection_tool class="CssInvalidElement" enabled="false" level="ERROR" enabled_by_default="false" />
  <inspection_tool class="CssInvalidFunction" enabled="true" level="ERROR" enabled_by_default="true" />
  <inspection_tool class="CssInvalidHtmlTagReference" enabled="true" level="WARNING" enabled_by_default="true" />
  <inspection_tool class="CssInvalidImport" enabled="true" level="WARNING" enabled_by_default="true" />
  <inspection_tool class="CssInvalidMediaFeature" enabled="true" level="ERROR" enabled_by_default="true" />
  <inspection_tool class="CssInvalidPropertyValue" enabled="true" level="ERROR" enabled_by_default="true" />
  <inspection_tool class="CssInvalidPseudoSelector" enabled="true" level="ERROR" enabled_by_default="true" />
  <inspection_tool class="CssMissingComma" enabled="false" level="WARNING" enabled_by_default="false" />
  <inspection_tool class="CssMissingSemicolon" enabled="true" level="WARNING" enabled_by_default="true" />
  <inspection_tool class="CssNegativeValue" enabled="true" level="ERROR" enabled_by_default="true" />
  <inspection_tool class="CssNoGenericFontName" enabled="false" level="WARNING" enabled_by_default="false" />
  <inspection_tool class="CssNonIntegerLengthInPixels" enabled="false" level="WEAK WARNING" enabled_by_default="false" />
  <inspection_tool class="CssOptimizeSimilarProperties" enabled="false" level="WEAK WARNING" enabled_by_default="false" />
  <inspection_tool class="CssOverwrittenProperties" enabled="true" level="WARNING" enabled_by_default="true" />
  <inspection_tool class="CssRedundantUnit" enabled="true" level="WARNING" enabled_by_default="true" />
  <inspection_tool class="CssReplaceWithShorthandSafely" enabled="true" level="WEAK WARNING" enabled_by_default="true" />
  <inspection_tool class="CssReplaceWithShorthandUnsafely" enabled="true" level="INFORMATION" enabled_by_default="true" />
  <inspection_tool class="CssUnitlessNumber" enabled="false" level="WARNING" enabled_by_default="false" />
  <inspection_tool class="CssUnknownProperty" enabled="true" level="WARNING" enabled_by_default="true">
    <option name="myCustomPropertiesEnabled" value="true" />
    <option name="myIgnoreVendorSpecificProperties" value="false" />
    <option name="myCustomPropertiesList">
      <value>
        <list size="1">
          <item index="0" class="java.lang.String" itemvalue="scrollbar-color" />
        </list>
      </value>
    </option>
  </inspection_tool>
  <inspection_tool class="CssUnknownTarget" enabled="true" level="ERROR" enabled_by_default="true" />
  <inspection_tool class="CssUnresolvedClass" enabled="false" level="ERROR" enabled_by_default="false" />
  <inspection_tool class="CssUnresolvedClassInComposesRule" enabled="true" level="ERROR" enabled_by_default="true" />
  <inspection_tool class="CssUnresolvedCustomProperty" enabled="true" level="ERROR" enabled_by_default="true" />
  <inspection_tool class="CssUnresolvedCustomPropertySet" enabled="false" level="ERROR" enabled_by_default="false" />
  <inspection_tool class="CssUnusedSymbol" enabled="true" level="WARNING" enabled_by_default="true" />
  <inspection_tool class="CucumberExamplesColon" enabled="false" level="ERROR" enabled_by_default="false" />
  <inspection_tool class="CucumberMissedExamples" enabled="false" level="ERROR" enabled_by_default="false" />
  <inspection_tool class="CucumberTableInspection" enabled="false" level="WARNING" enabled_by_default="false" />
  <inspection_tool class="CucumberUndefinedStep" enabled="false" level="WARNING" enabled_by_default="false" />
  <inspection_tool class="CustomRegExpInspection" enabled="false" level="WARNING" enabled_by_default="false" />
  <inspection_tool class="CyclomaticComplexityJS" enabled="false" level="WARNING" enabled_by_default="false">
    <option name="m_limit" value="10" />
  </inspection_tool>
  <inspection_tool class="DartOutdatedDependencies" enabled="false" level="WARNING" enabled_by_default="false" />
  <inspection_tool class="DartPathPackageReference" enabled="false" level="WARNING" enabled_by_default="false" />
  <inspection_tool class="DebuggerStatementJS" enabled="false" level="WARNING" enabled_by_default="false" />
  <inspection_tool class="DefaultNotLastCaseInSwitchJS" enabled="false" level="WARNING" enabled_by_default="false" />
  <inspection_tool class="DivideByZeroJS" enabled="false" level="WARNING" enabled_by_default="false" />
  <inspection_tool class="DockerFileAddOrCopyPaths" enabled="true" level="WARNING" enabled_by_default="true" />
  <inspection_tool class="DockerFileAddOrCopySemantic" enabled="true" level="WARNING" enabled_by_default="true" />
  <inspection_tool class="DockerFileArgumentCount" enabled="true" level="ERROR" enabled_by_default="true" />
  <inspection_tool class="DockerFileAssignments" enabled="true" level="ERROR" enabled_by_default="true" />
  <inspection_tool class="DockerFileRunCommandMissingContinuation" enabled="true" level="ERROR" enabled_by_default="true" />
  <inspection_tool class="DockerJsonFormStringLiterals" enabled="true" level="WARNING" enabled_by_default="true" />
  <inspection_tool class="DocumentWriteJS" enabled="false" level="WARNING" enabled_by_default="false" />
  <inspection_tool class="DotEnvDuplicateKeyInspection" enabled="true" level="WARNING" enabled_by_default="true" />
  <inspection_tool class="DotEnvExtraBlankLineInspection" enabled="true" level="WARNING" enabled_by_default="true" />
  <inspection_tool class="DotEnvIncorrectDelimiterInspection" enabled="true" level="WARNING" enabled_by_default="true" />
  <inspection_tool class="DotEnvLeadingCharacterInspection" enabled="true" level="WARNING" enabled_by_default="true" />
  <inspection_tool class="DotEnvLowercaseKeyInspection" enabled="true" level="WARNING" enabled_by_default="true" />
  <inspection_tool class="DotEnvSpaceAroundSeparatorInspection" enabled="true" level="WARNING" enabled_by_default="true" />
  <inspection_tool class="DotEnvSpaceInsideNonQuotedInspection" enabled="true" level="WARNING" enabled_by_default="true" />
  <inspection_tool class="DotEnvTrailingWhitespaceInspection" enabled="false" level="WARNING" enabled_by_default="false" />
  <inspection_tool class="DuplicateCaseLabelJS" enabled="false" level="WARNING" enabled_by_default="false" />
  <inspection_tool class="DuplicateConditionJS" enabled="false" level="WARNING" enabled_by_default="false" />
  <inspection_tool class="DuplicateKeyInSection" enabled="false" level="WARNING" enabled_by_default="false" />
  <inspection_tool class="DuplicatePropertyInspection" enabled="false" level="WARNING" enabled_by_default="false" />
  <inspection_tool class="DuplicateSectionInFile" enabled="false" level="WARNING" enabled_by_default="false" />
  <inspection_tool class="DuplicatedCode" enabled="false" level="WEAK WARNING" enabled_by_default="false" />
  <inspection_tool class="Duplicates" enabled="false" level="WEAK WARNING" enabled_by_default="false" />
  <inspection_tool class="DynamicallyGeneratedCodeJS" enabled="false" level="WARNING" enabled_by_default="false" />
  <inspection_tool class="ES6AwaitOutsideAsyncFunction" enabled="false" level="ERROR" enabled_by_default="false" />
  <inspection_tool class="ES6BindWithArrowFunction" enabled="false" level="WARNING" enabled_by_default="false" />
  <inspection_tool class="ES6CheckImport" enabled="false" level="WEAK WARNING" enabled_by_default="false" />
  <inspection_tool class="ES6ClassMemberInitializationOrder" enabled="false" level="WARNING" enabled_by_default="false" />
  <inspection_tool class="ES6ConvertIndexedForToForOf" enabled="false" level="INFORMATION" enabled_by_default="false" />
  <inspection_tool class="ES6ConvertLetToConst" enabled="false" level="INFORMATION" enabled_by_default="false" />
  <inspection_tool class="ES6ConvertModuleExportToExport" enabled="false" level="INFORMATION" enabled_by_default="false" />
  <inspection_tool class="ES6ConvertRequireIntoImport" enabled="false" level="INFORMATION" enabled_by_default="false" />
  <inspection_tool class="ES6ConvertToForOf" enabled="false" level="INFORMATION" enabled_by_default="false" />
  <inspection_tool class="ES6ConvertVarToLetConst" enabled="false" level="WARNING" enabled_by_default="false" />
  <inspection_tool class="ES6DestructuringVariablesMerge" enabled="false" level="WEAK WARNING" enabled_by_default="false" />
  <inspection_tool class="ES6MissingAwait" enabled="false" level="INFORMATION" enabled_by_default="false" />
  <inspection_tool class="ES6ModulesDependencies" enabled="false" level="WEAK WARNING" enabled_by_default="false" />
  <inspection_tool class="ES6PossiblyAsyncFunction" enabled="false" level="WEAK WARNING" enabled_by_default="false" />
  <inspection_tool class="ES6PreferShortImport" enabled="false" level="WARNING" enabled_by_default="false" />
  <inspection_tool class="ES6RedundantAwait" enabled="false" level="WEAK WARNING" enabled_by_default="false" />
  <inspection_tool class="ES6RedundantNestingInTemplateLiteral" enabled="false" level="WEAK WARNING" enabled_by_default="false" />
  <inspection_tool class="ES6ShorthandObjectProperty" enabled="false" level="INFORMATION" enabled_by_default="false" />
  <inspection_tool class="ES6TopLevelAwaitExpression" enabled="false" level="ERROR" enabled_by_default="false" />
  <inspection_tool class="ES6UnusedImports" enabled="false" level="WARNING" enabled_by_default="false" />
  <inspection_tool class="EditorConfigCharClassLetterRedundancy" enabled="false" level="WARNING" enabled_by_default="false" />
  <inspection_tool class="EditorConfigCharClassRedundancy" enabled="false" level="WARNING" enabled_by_default="false" />
  <inspection_tool class="EditorConfigDeprecatedDescriptor" enabled="false" level="WARNING" enabled_by_default="false" />
  <inspection_tool class="EditorConfigEmptyHeader" enabled="false" level="ERROR" enabled_by_default="false" />
  <inspection_tool class="EditorConfigEmptySection" enabled="false" level="WARNING" enabled_by_default="false" />
  <inspection_tool class="EditorConfigEncoding" enabled="false" level="WARNING" enabled_by_default="false" />
  <inspection_tool class="EditorConfigHeaderUniqueness" enabled="false" level="WARNING" enabled_by_default="false" />
  <inspection_tool class="EditorConfigKeyCorrectness" enabled="false" level="WARNING" enabled_by_default="false" />
  <inspection_tool class="EditorConfigListAcceptability" enabled="false" level="ERROR" enabled_by_default="false" />
  <inspection_tool class="EditorConfigMissingRequiredDeclaration" enabled="false" level="ERROR" enabled_by_default="false" />
  <inspection_tool class="EditorConfigNoMatchingFiles" enabled="false" level="WARNING" enabled_by_default="false" />
  <inspection_tool class="EditorConfigNumerousWildcards" enabled="false" level="WEAK WARNING" enabled_by_default="false" />
  <inspection_tool class="EditorConfigOptionRedundancy" enabled="false" level="WARNING" enabled_by_default="false" />
  <inspection_tool class="EditorConfigPairAcceptability" enabled="false" level="ERROR" enabled_by_default="false" />
  <inspection_tool class="EditorConfigPartialOverride" enabled="false" level="WEAK WARNING" enabled_by_default="false" />
  <inspection_tool class="EditorConfigPatternEnumerationRedundancy" enabled="false" level="ERROR" enabled_by_default="false" />
  <inspection_tool class="EditorConfigPatternRedundancy" enabled="false" level="WARNING" enabled_by_default="false" />
  <inspection_tool class="EditorConfigReferenceCorrectness" enabled="false" level="ERROR" enabled_by_default="false" />
  <inspection_tool class="EditorConfigRootDeclarationCorrectness" enabled="false" level="ERROR" enabled_by_default="false" />
  <inspection_tool class="EditorConfigRootDeclarationUniqueness" enabled="false" level="ERROR" enabled_by_default="false" />
  <inspection_tool class="EditorConfigShadowedOption" enabled="false" level="WARNING" enabled_by_default="false" />
  <inspection_tool class="EditorConfigShadowingOption" enabled="false" level="WARNING" enabled_by_default="false" />
  <inspection_tool class="EditorConfigSpaceInHeader" enabled="false" level="WEAK WARNING" enabled_by_default="false" />
  <inspection_tool class="EditorConfigUnexpectedComma" enabled="false" level="ERROR" enabled_by_default="false" />
  <inspection_tool class="EditorConfigUnusedDeclaration" enabled="false" level="WARNING" enabled_by_default="false" />
  <inspection_tool class="EditorConfigValueCorrectness" enabled="false" level="ERROR" enabled_by_default="false" />
  <inspection_tool class="EditorConfigValueUniqueness" enabled="false" level="ERROR" enabled_by_default="false" />
  <inspection_tool class="EditorConfigWildcardRedundancy" enabled="false" level="WARNING" enabled_by_default="false" />
  <inspection_tool class="EjsUnresolvedInclude" enabled="false" level="WARNING" enabled_by_default="false" />
  <inspection_tool class="EmptyCatchBlockJS" enabled="false" level="WARNING" enabled_by_default="false" />
  <inspection_tool class="EmptyDirectory" enabled="false" level="WARNING" enabled_by_default="false" />
  <inspection_tool class="EmptyEventHandler" enabled="false" level="WARNING" enabled_by_default="false" />
  <inspection_tool class="EmptyFinallyBlockJS" enabled="false" level="WARNING" enabled_by_default="false" />
  <inspection_tool class="EmptyStatementBodyJS" enabled="false" level="WARNING" enabled_by_default="false">
    <option name="m_reportEmptyBlocks" value="false" />
  </inspection_tool>
  <inspection_tool class="EmptyTryBlockJS" enabled="false" level="WARNING" enabled_by_default="false" />
  <inspection_tool class="Eslint" enabled="true" level="ERROR" enabled_by_default="true" />
  <inspection_tool class="ExceptionCaughtLocallyJS" enabled="false" level="WARNING" enabled_by_default="false" />
  <inspection_tool class="FallThroughInSwitchStatementJS" enabled="false" level="WARNING" enabled_by_default="false" />
  <inspection_tool class="FlowJSConfig" enabled="false" level="WARNING" enabled_by_default="false" />
  <inspection_tool class="FlowJSCoverage" enabled="false" level="WEAK WARNING" enabled_by_default="false" />
  <inspection_tool class="FlowJSError" enabled="false" level="ERROR" enabled_by_default="false" />
  <inspection_tool class="FlowJSFlagCommentPlacement" enabled="false" level="WARNING" enabled_by_default="false" />
  <inspection_tool class="ForLoopReplaceableByWhileJS" enabled="false" level="WARNING" enabled_by_default="false">
    <option name="m_ignoreLoopsWithoutConditions" value="false" />
  </inspection_tool>
  <inspection_tool class="ForLoopThatDoesntUseLoopVariableJS" enabled="false" level="WARNING" enabled_by_default="false" />
  <inspection_tool class="FunctionNamingConventionJS" enabled="false" level="WARNING" enabled_by_default="false">
    <option name="m_regex" value="[a-z][A-Za-z]*" />
    <option name="m_minLength" value="4" />
    <option name="m_maxLength" value="32" />
  </inspection_tool>
  <inspection_tool class="FunctionWithInconsistentReturnsJS" enabled="false" level="WARNING" enabled_by_default="false" />
  <inspection_tool class="FunctionWithMultipleLoopsJS" enabled="false" level="WARNING" enabled_by_default="false" />
  <inspection_tool class="FunctionWithMultipleReturnPointsJS" enabled="false" level="WARNING" enabled_by_default="false" />
  <inspection_tool class="GherkinBrokenTableInspection" enabled="false" level="ERROR" enabled_by_default="false" />
  <inspection_tool class="GherkinMisplacedBackground" enabled="false" level="ERROR" enabled_by_default="false" />
  <inspection_tool class="GjsLint" enabled="false" level="WARNING" enabled_by_default="false" />
  <inspection_tool class="GraphQLDuplicateArgument" enabled="false" level="ERROR" enabled_by_default="false" />
  <inspection_tool class="GraphQLDuplicateDirective" enabled="false" level="ERROR" enabled_by_default="false" />
  <inspection_tool class="GraphQLEmptyType" enabled="false" level="ERROR" enabled_by_default="false" />
  <inspection_tool class="GraphQLIllegalDirectiveArgument" enabled="false" level="ERROR" enabled_by_default="false" />
  <inspection_tool class="GraphQLIllegalName" enabled="false" level="ERROR" enabled_by_default="false" />
  <inspection_tool class="GraphQLInterfaceImplementation" enabled="true" level="ERROR" enabled_by_default="true" />
  <inspection_tool class="GraphQLInvalidDirectiveLocation" enabled="false" level="ERROR" enabled_by_default="false" />
  <inspection_tool class="GraphQLMemberRedefinition" enabled="false" level="ERROR" enabled_by_default="false" />
  <inspection_tool class="GraphQLMissingType" enabled="false" level="ERROR" enabled_by_default="false" />
  <inspection_tool class="GraphQLSchemaValidation" enabled="false" level="ERROR" enabled_by_default="false" />
  <inspection_tool class="GraphQLTypeRedefinition" enabled="false" level="ERROR" enabled_by_default="false" />
  <inspection_tool class="GraphQLUnexpectedType" enabled="false" level="ERROR" enabled_by_default="false" />
  <inspection_tool class="GraphQLUnresolvedReference" enabled="false" level="ERROR" enabled_by_default="false" />
  <inspection_tool class="HamlNestedTagContent" enabled="false" level="WARNING" enabled_by_default="false" />
  <inspection_tool class="HbEmptyBlock" enabled="false" level="WARNING" enabled_by_default="false" />
  <inspection_tool class="HtmlDeprecatedAttribute" enabled="false" level="WARNING" enabled_by_default="false" />
  <inspection_tool class="HtmlDeprecatedTag" enabled="false" level="WARNING" enabled_by_default="false" />
  <inspection_tool class="HtmlExtraClosingTag" enabled="false" level="WARNING" enabled_by_default="false" />
  <inspection_tool class="HtmlFormInputWithoutLabel" enabled="false" level="WARNING" enabled_by_default="false" />
  <inspection_tool class="HtmlMissingClosingTag" enabled="true" level="INFORMATION" enabled_by_default="true" />
  <inspection_tool class="HtmlNonExistentInternetResource" enabled="false" level="WARNING" enabled_by_default="false" />
  <inspection_tool class="HtmlPresentationalElement" enabled="false" level="WARNING" enabled_by_default="false" />
  <inspection_tool class="HtmlRequiredAltAttribute" enabled="false" level="WARNING" enabled_by_default="false" />
  <inspection_tool class="HtmlRequiredLangAttribute" enabled="false" level="WARNING" enabled_by_default="false" />
  <inspection_tool class="HtmlRequiredSummaryAttribute" enabled="false" level="INFORMATION" enabled_by_default="false" />
  <inspection_tool class="HtmlRequiredTitleAttribute" enabled="false" level="INFORMATION" enabled_by_default="false" />
  <inspection_tool class="HtmlRequiredTitleElement" enabled="false" level="WARNING" enabled_by_default="false" />
  <inspection_tool class="HtmlUnknownAnchorTarget" enabled="false" level="WARNING" enabled_by_default="false" />
  <inspection_tool class="HtmlUnknownAttribute" enabled="false" level="WARNING" enabled_by_default="false">
    <option name="myValues">
      <value>
        <list size="0" />
      </value>
    </option>
    <option name="myCustomValuesEnabled" value="true" />
  </inspection_tool>
  <inspection_tool class="HtmlUnknownBooleanAttribute" enabled="false" level="WARNING" enabled_by_default="false" />
  <inspection_tool class="HtmlUnknownTag" enabled="false" level="WARNING" enabled_by_default="false">
    <option name="myValues">
      <value>
        <list size="6">
          <item index="0" class="java.lang.String" itemvalue="nobr" />
          <item index="1" class="java.lang.String" itemvalue="noembed" />
          <item index="2" class="java.lang.String" itemvalue="comment" />
          <item index="3" class="java.lang.String" itemvalue="noscript" />
          <item index="4" class="java.lang.String" itemvalue="embed" />
          <item index="5" class="java.lang.String" itemvalue="script" />
        </list>
      </value>
    </option>
    <option name="myCustomValuesEnabled" value="true" />
  </inspection_tool>
  <inspection_tool class="HtmlUnknownTarget" enabled="false" level="WARNING" enabled_by_default="false" />
  <inspection_tool class="HtmlWrongAttributeValue" enabled="false" level="WARNING" enabled_by_default="false" />
  <inspection_tool class="HttpClientUnresolvedVariable" enabled="false" level="WARNING" enabled_by_default="false" />
  <inspection_tool class="HttpRequestContentLengthIsIgnored" enabled="false" level="WARNING" enabled_by_default="false" />
  <inspection_tool class="HttpRequestPlaceholder" enabled="false" level="WARNING" enabled_by_default="false" />
  <inspection_tool class="HttpRequestWhitespaceInsideRequestTargetPath" enabled="false" level="WEAK WARNING" enabled_by_default="false" />
  <inspection_tool class="HttpUrlsUsage" enabled="false" level="WEAK WARNING" enabled_by_default="false" />
  <inspection_tool class="IfStatementWithIdenticalBranchesJS" enabled="false" level="WARNING" enabled_by_default="false" />
  <inspection_tool class="IfStatementWithTooManyBranchesJS" enabled="false" level="WARNING" enabled_by_default="false">
    <option name="m_limit" value="3" />
  </inspection_tool>
  <inspection_tool class="IgnoreCoverEntry" enabled="false" level="WARNING" enabled_by_default="false" />
  <inspection_tool class="IgnoreDuplicateEntry" enabled="false" level="ERROR" enabled_by_default="false" />
  <inspection_tool class="IgnoreFileDuplicateEntry" enabled="false" level="WARNING" enabled_by_default="false" />
  <inspection_tool class="IgnoreIncorrectEntry" enabled="false" level="ERROR" enabled_by_default="false" />
  <inspection_tool class="IgnoreRelativeEntry" enabled="false" level="ERROR" enabled_by_default="false" />
  <inspection_tool class="IgnoreSyntaxEntry" enabled="false" level="ERROR" enabled_by_default="false" />
  <inspection_tool class="IgnoreUnusedEntry" enabled="false" level="WEAK WARNING" enabled_by_default="false" />
  <inspection_tool class="IncompatibleMaskJS" enabled="false" level="WARNING" enabled_by_default="false" />
  <inspection_tool class="InconsistentLineSeparators" enabled="false" level="WARNING" enabled_by_default="false" />
  <inspection_tool class="IncorrectFormatting" enabled="false" level="WEAK WARNING" enabled_by_default="false" />
  <inspection_tool class="IncorrectHttpHeaderInspection" enabled="false" level="WARNING" enabled_by_default="false" />
  <inspection_tool class="IncrementDecrementResultUsedJS" enabled="false" level="WARNING" enabled_by_default="false" />
  <inspection_tool class="InfiniteLoopJS" enabled="false" level="WARNING" enabled_by_default="false" />
  <inspection_tool class="InfiniteRecursionJS" enabled="false" level="WARNING" enabled_by_default="false" />
  <inspection_tool class="InjectedReferences" enabled="false" level="ERROR" enabled_by_default="false" />
  <inspection_tool class="InnerHTMLJS" enabled="false" level="WARNING" enabled_by_default="false" />
  <inspection_tool class="JSAccessibilityCheck" enabled="false" level="WARNING" enabled_by_default="false" />
  <inspection_tool class="JSAnnotator" enabled="false" level="ERROR" enabled_by_default="false" />
  <inspection_tool class="JSArrowFunctionBracesCanBeRemoved" enabled="false" level="INFORMATION" enabled_by_default="false" />
  <inspection_tool class="JSAssignmentUsedAsCondition" enabled="false" level="WARNING" enabled_by_default="false" />
  <inspection_tool class="JSBitwiseOperatorUsage" enabled="false" level="WARNING" enabled_by_default="false" />
  <inspection_tool class="JSCheckFunctionSignatures" enabled="false" level="WEAK WARNING" enabled_by_default="false" />
  <inspection_tool class="JSClassNamingConvention" enabled="false" level="WARNING" enabled_by_default="false" />
  <inspection_tool class="JSClosureCompilerSyntax" enabled="false" level="WARNING" enabled_by_default="false" />
  <inspection_tool class="JSCommentMatchesSignature" enabled="false" level="WARNING" enabled_by_default="false" />
  <inspection_tool class="JSComparisonWithNaN" enabled="false" level="WARNING" enabled_by_default="false" />
  <inspection_tool class="JSConsecutiveCommasInArrayLiteral" enabled="false" level="WARNING" enabled_by_default="false" />
  <inspection_tool class="JSConstantReassignment" enabled="false" level="ERROR" enabled_by_default="false" />
  <inspection_tool class="JSConstructorReturnsPrimitive" enabled="false" level="WARNING" enabled_by_default="false" />
  <inspection_tool class="JSDeclarationsAtScopeStart" enabled="false" level="WEAK WARNING" enabled_by_default="false" />
  <inspection_tool class="JSDeprecatedSymbols" enabled="false" level="WEAK WARNING" enabled_by_default="false" />
  <inspection_tool class="JSDuplicateCaseLabel" enabled="false" level="WARNING" enabled_by_default="false" />
  <inspection_tool class="JSDuplicatedDeclaration" enabled="false" level="WARNING" enabled_by_default="false" />
  <inspection_tool class="JSEqualityComparisonWithCoercion" enabled="false" level="WARNING" enabled_by_default="false" />
  <inspection_tool class="JSEqualityComparisonWithCoercion.TS" enabled="false" level="WARNING" enabled_by_default="false" />
  <inspection_tool class="JSFileReferences" enabled="false" level="WARNING" enabled_by_default="false" />
  <inspection_tool class="JSFunctionExpressionToArrowFunction" enabled="false" level="INFORMATION" enabled_by_default="false" />
  <inspection_tool class="JSHint" enabled="false" level="ERROR" enabled_by_default="false" />
  <inspection_tool class="JSIgnoredPromiseFromCall" enabled="false" level="WEAK WARNING" enabled_by_default="false" />
  <inspection_tool class="JSIncompatibleTypesComparison" enabled="false" level="WEAK WARNING" enabled_by_default="false" />
  <inspection_tool class="JSJQueryEfficiency" enabled="false" level="WARNING" enabled_by_default="false" />
  <inspection_tool class="JSJoinVariableDeclarationAndAssignment" enabled="false" level="INFORMATION" enabled_by_default="false" />
  <inspection_tool class="JSLastCommaInArrayLiteral" enabled="false" level="WARNING" enabled_by_default="false" />
  <inspection_tool class="JSLastCommaInObjectLiteral" enabled="false" level="WARNING" enabled_by_default="false" />
  <inspection_tool class="JSLint" enabled="false" level="ERROR" enabled_by_default="false" />
  <inspection_tool class="JSMethodCanBeStatic" enabled="false" level="WARNING" enabled_by_default="false" />
  <inspection_tool class="JSMismatchedCollectionQueryUpdate" enabled="false" level="WARNING" enabled_by_default="false">
    <option name="queries" value="trace,write,forEach,length" />
    <option name="updates" value="pop,push,shift,splice,unshift,add,insert,remove" />
  </inspection_tool>
  <inspection_tool class="JSMissingSwitchBranches" enabled="false" level="INFORMATION" enabled_by_default="false" />
  <inspection_tool class="JSMissingSwitchDefault" enabled="false" level="INFORMATION" enabled_by_default="false" />
  <inspection_tool class="JSNonASCIINames" enabled="false" level="WARNING" enabled_by_default="false" />
  <inspection_tool class="JSNonStrictModeUsed" enabled="false" level="WARNING" enabled_by_default="false" />
  <inspection_tool class="JSObjectNullOrUndefined" enabled="false" level="WARNING" enabled_by_default="false" />
  <inspection_tool class="JSObsoletePrivateAccessSyntax" enabled="false" level="ERROR" enabled_by_default="false" />
  <inspection_tool class="JSOctalInteger" enabled="false" level="ERROR" enabled_by_default="false" />
  <inspection_tool class="JSPotentiallyInvalidConstructorUsage" enabled="false" level="WARNING" enabled_by_default="false">
    <option name="myConsiderUppercaseFunctionsToBeConstructors" value="true" />
  </inspection_tool>
  <inspection_tool class="JSPotentiallyInvalidTargetOfIndexedPropertyAccess" enabled="false" level="WARNING" enabled_by_default="false" />
  <inspection_tool class="JSPotentiallyInvalidUsageOfClassThis" enabled="false" level="WARNING" enabled_by_default="false" />
  <inspection_tool class="JSPotentiallyInvalidUsageOfThis" enabled="false" level="WARNING" enabled_by_default="false" />
  <inspection_tool class="JSPrimitiveTypeWrapperUsage" enabled="false" level="WARNING" enabled_by_default="false" />
  <inspection_tool class="JSRedeclarationOfBlockScope" enabled="false" level="ERROR" enabled_by_default="false" />
  <inspection_tool class="JSRedundantSwitchStatement" enabled="false" level="WEAK WARNING" enabled_by_default="false" />
  <inspection_tool class="JSReferencingArgumentsOutsideOfFunction" enabled="false" level="ERROR" enabled_by_default="false" />
  <inspection_tool class="JSReferencingMutableVariableFromClosure" enabled="false" level="WARNING" enabled_by_default="false" />
  <inspection_tool class="JSRemoveUnnecessaryParentheses" enabled="false" level="INFORMATION" enabled_by_default="false" />
  <inspection_tool class="JSStringConcatenationToES6Template" enabled="false" level="INFORMATION" enabled_by_default="false" />
  <inspection_tool class="JSSuspiciousEqPlus" enabled="false" level="WARNING" enabled_by_default="false" />
  <inspection_tool class="JSSuspiciousNameCombination" enabled="false" level="WARNING" enabled_by_default="false">
    <group names="x,width,left,right" />
    <group names="y,height,top,bottom" />
    <exclude classes="Math" />
  </inspection_tool>
  <inspection_tool class="JSSwitchVariableDeclarationIssue" enabled="false" level="WARNING" enabled_by_default="false" />
  <inspection_tool class="JSTestFailedLine" enabled="false" level="WARNING" enabled_by_default="false" />
  <inspection_tool class="JSTypeOfValues" enabled="false" level="WARNING" enabled_by_default="false" />
  <inspection_tool class="JSUndeclaredVariable" enabled="false" level="WEAK WARNING" enabled_by_default="false" />
  <inspection_tool class="JSUndefinedPropertyAssignment" enabled="false" level="WEAK WARNING" enabled_by_default="false" />
  <inspection_tool class="JSUnfilteredForInLoop" enabled="false" level="WARNING" enabled_by_default="false" />
  <inspection_tool class="JSUnnecessarySemicolon" enabled="false" level="WARNING" enabled_by_default="false" />
  <inspection_tool class="JSUnreachableSwitchBranches" enabled="false" level="WARNING" enabled_by_default="false" />
  <inspection_tool class="JSUnresolvedExtXType" enabled="false" level="WARNING" enabled_by_default="false" />
  <inspection_tool class="JSUnresolvedFunction" enabled="false" level="WEAK WARNING" enabled_by_default="false" />
  <inspection_tool class="JSUnresolvedLibraryURL" enabled="false" level="WARNING" enabled_by_default="false" />
  <inspection_tool class="JSUnresolvedReactComponent" enabled="false" level="WEAK WARNING" enabled_by_default="false" />
  <inspection_tool class="JSUnresolvedReference" enabled="false" level="WEAK WARNING" enabled_by_default="false" />
  <inspection_tool class="JSUnresolvedVariable" enabled="false" level="WEAK WARNING" enabled_by_default="false" />
  <inspection_tool class="JSUnusedAssignment" enabled="false" level="WARNING" enabled_by_default="false" />
  <inspection_tool class="JSUnusedGlobalSymbols" enabled="false" level="WARNING" enabled_by_default="false" />
  <inspection_tool class="JSUnusedLocalSymbols" enabled="false" level="WARNING" enabled_by_default="false" />
  <inspection_tool class="JSUrlImportUsage" enabled="false" level="INFORMATION" enabled_by_default="false" />
  <inspection_tool class="JSValidateJSDoc" enabled="false" level="ERROR" enabled_by_default="false" />
  <inspection_tool class="JSValidateTypes" enabled="false" level="WEAK WARNING" enabled_by_default="false" />
  <inspection_tool class="JSVoidFunctionReturnValueUsed" enabled="false" level="WARNING" enabled_by_default="false" />
  <inspection_tool class="JSXDomNesting" enabled="false" level="WARNING" enabled_by_default="false" />
  <inspection_tool class="JSXNamespaceValidation" enabled="false" level="WEAK WARNING" enabled_by_default="false" />
  <inspection_tool class="JSXSyntaxUsed" enabled="false" level="ERROR" enabled_by_default="false" />
  <inspection_tool class="JSXUnresolvedComponent" enabled="false" level="WEAK WARNING" enabled_by_default="false" />
  <inspection_tool class="Jscs" enabled="false" level="ERROR" enabled_by_default="false" />
  <inspection_tool class="Json5StandardCompliance" enabled="false" level="ERROR" enabled_by_default="false" />
  <inspection_tool class="JsonDuplicatePropertyKeys" enabled="true" level="WARNING" enabled_by_default="true" />
  <inspection_tool class="JsonPathEvaluateUnknownKey" enabled="false" level="WARNING" enabled_by_default="false" />
  <inspection_tool class="JsonPathUnknownFunction" enabled="false" level="WARNING" enabled_by_default="false" />
  <inspection_tool class="JsonPathUnknownOperator" enabled="false" level="WARNING" enabled_by_default="false" />
  <inspection_tool class="JsonSchemaCompliance" enabled="true" level="WARNING" enabled_by_default="true" />
  <inspection_tool class="JsonSchemaDeprecation" enabled="true" level="WEAK WARNING" enabled_by_default="true" />
  <inspection_tool class="JsonSchemaRefReference" enabled="false" level="WARNING" enabled_by_default="false" />
  <inspection_tool class="JsonStandardCompliance" enabled="true" level="ERROR" enabled_by_default="true" />
  <inspection_tool class="KarmaConfigFile" enabled="false" level="WARNING" enabled_by_default="false" />
  <inspection_tool class="LabeledStatementJS" enabled="false" level="WARNING" enabled_by_default="false" />
  <inspection_tool class="LessResolvedByNameOnly" enabled="false" level="WEAK WARNING" enabled_by_default="false" />
  <inspection_tool class="LessUnresolvedMixin" enabled="false" level="WARNING" enabled_by_default="false" />
  <inspection_tool class="LessUnresolvedVariable" enabled="false" level="WARNING" enabled_by_default="false" />
  <inspection_tool class="LocalVariableNamingConventionJS" enabled="false" level="WARNING" enabled_by_default="false">
    <option name="m_regex" value="[a-z][A-Za-z]*" />
    <option name="m_minLength" value="1" />
    <option name="m_maxLength" value="32" />
  </inspection_tool>
  <inspection_tool class="LongLine" enabled="false" level="WARNING" enabled_by_default="false" />
  <inspection_tool class="LoopStatementThatDoesntLoopJS" enabled="false" level="WARNING" enabled_by_default="false" />
  <inspection_tool class="LossyEncoding" enabled="false" level="WARNING" enabled_by_default="false" />
  <inspection_tool class="MagicNumberJS" enabled="false" level="WARNING" enabled_by_default="false" />
  <inspection_tool class="MarkdownIncorrectTableFormatting" enabled="true" level="WEAK WARNING" enabled_by_default="true" />
  <inspection_tool class="MarkdownIncorrectlyNumberedListItem" enabled="true" level="WARNING" enabled_by_default="true" />
  <inspection_tool class="MarkdownLinkDestinationWithSpaces" enabled="true" level="WARNING" enabled_by_default="true" />
  <inspection_tool class="MarkdownNoTableBorders" enabled="true" level="ERROR" enabled_by_default="true" />
  <inspection_tool class="MarkdownOutdatedTableOfContents" enabled="true" level="WARNING" enabled_by_default="true" />
  <inspection_tool class="MarkdownUnresolvedFileReference" enabled="true" level="WARNING" enabled_by_default="true" />
  <inspection_tool class="MarkdownUnresolvedHeaderReference" enabled="true" level="WARNING" enabled_by_default="true" />
  <inspection_tool class="MarkdownUnresolvedLinkLabel" enabled="true" level="WARNING" enabled_by_default="true" />
  <inspection_tool class="MeteorUnresolvedSymbol" enabled="false" level="WARNING" enabled_by_default="false" />
  <inspection_tool class="MissingFeatures" enabled="false" level="WARNING" enabled_by_default="false" />
  <inspection_tool class="NegatedConditionalExpressionJS" enabled="false" level="WARNING" enabled_by_default="false" />
  <inspection_tool class="NegatedIfStatementJS" enabled="false" level="WARNING" enabled_by_default="false" />
  <inspection_tool class="NestedAssignmentJS" enabled="false" level="WARNING" enabled_by_default="false" />
  <inspection_tool class="NestedConditionalExpressionJS" enabled="false" level="WARNING" enabled_by_default="false" />
  <inspection_tool class="NestedFunctionCallJS" enabled="false" level="WARNING" enabled_by_default="false" />
  <inspection_tool class="NestedFunctionJS" enabled="false" level="WARNING" enabled_by_default="false">
    <option name="m_includeAnonymousFunctions" value="false" />
  </inspection_tool>
  <inspection_tool class="NestedSwitchStatementJS" enabled="false" level="WARNING" enabled_by_default="false" />
  <inspection_tool class="NestingDepthJS" enabled="false" level="WARNING" enabled_by_default="false">
    <option name="m_limit" value="5" />
  </inspection_tool>
  <inspection_tool class="NewCrateVersionAvailable" enabled="false" level="WARNING" enabled_by_default="false" />
  <inspection_tool class="NodeCoreCodingAssistance" enabled="false" level="WARNING" enabled_by_default="false" />
  <inspection_tool class="NodeJsCodingAssistanceForCoreModules" enabled="false" level="WARNING" enabled_by_default="false" />
  <inspection_tool class="NodeModulesDependencies" enabled="false" level="WEAK WARNING" enabled_by_default="false" />
  <inspection_tool class="NonAsciiCharacters" enabled="false" level="WARNING" enabled_by_default="false" />
  <inspection_tool class="NonBlockStatementBodyJS" enabled="false" level="WARNING" enabled_by_default="false" />
  <inspection_tool class="NonShortCircuitBooleanExpressionJS" enabled="false" level="WARNING" enabled_by_default="false" />
  <inspection_tool class="NpmUsedModulesInstalled" enabled="false" level="WEAK WARNING" enabled_by_default="false" />
  <inspection_tool class="ObjectAllocationIgnoredJS" enabled="false" level="WARNING" enabled_by_default="false" />
  <inspection_tool class="OctalIntegerJS" enabled="false" level="WARNING" enabled_by_default="false" />
  <inspection_tool class="OverlyComplexArithmeticExpressionJS" enabled="false" level="WARNING" enabled_by_default="false">
    <option name="m_limit" value="6" />
  </inspection_tool>
  <inspection_tool class="OverlyComplexBooleanExpressionJS" enabled="false" level="WARNING" enabled_by_default="false">
    <option name="m_limit" value="3" />
  </inspection_tool>
  <inspection_tool class="PackageJsonMismatchedDependency" enabled="false" level="WARNING" enabled_by_default="false" />
  <inspection_tool class="ParameterNamingConventionJS" enabled="false" level="WARNING" enabled_by_default="false">
    <option name="m_regex" value="[a-z][A-Za-z]*" />
    <option name="m_minLength" value="1" />
    <option name="m_maxLength" value="32" />
  </inspection_tool>
  <inspection_tool class="ParametersPerFunctionJS" enabled="false" level="WARNING" enabled_by_default="false">
    <option name="m_limit" value="5" />
  </inspection_tool>
  <inspection_tool class="PlatformDetectionJS" enabled="false" level="WARNING" enabled_by_default="false" />
  <inspection_tool class="PointlessArithmeticExpressionJS" enabled="false" level="WARNING" enabled_by_default="false" />
  <inspection_tool class="PointlessBitwiseExpressionJS" enabled="false" level="WARNING" enabled_by_default="false">
    <option name="m_ignoreExpressionsContainingConstants" value="false" />
  </inspection_tool>
  <inspection_tool class="PointlessBooleanExpressionJS" enabled="false" level="WARNING" enabled_by_default="false" />
  <inspection_tool class="PostCssCustomMedia" enabled="false" level="ERROR" enabled_by_default="false" />
  <inspection_tool class="PostCssCustomProperties" enabled="false" level="WARNING" enabled_by_default="false" />
  <inspection_tool class="PostCssCustomSelector" enabled="false" level="ERROR" enabled_by_default="false" />
  <inspection_tool class="PostCssMediaRange" enabled="false" level="ERROR" enabled_by_default="false" />
  <inspection_tool class="PostCssNesting" enabled="false" level="WARNING" enabled_by_default="false" />
  <inspection_tool class="PostCssUnresolvedModuleValueReference" enabled="false" level="ERROR" enabled_by_default="false" />
  <inspection_tool class="ProblematicWhitespace" enabled="false" level="WARNING" enabled_by_default="false" />
  <inspection_tool class="ProjectFingerprint" enabled="false" level="WARNING" enabled_by_default="false" />
  <inspection_tool class="QodanaServiceMessage" enabled="false" level="ERROR" enabled_by_default="false" />
  <inspection_tool class="ReassignedToPlainText" enabled="false" level="WARNING" enabled_by_default="false" />
  <inspection_tool class="RedundantSuppression" enabled="false" level="WARNING" enabled_by_default="false" />
  <inspection_tool class="RegExpAnonymousGroup" enabled="false" level="WARNING" enabled_by_default="false" />
  <inspection_tool class="RegExpDuplicateAlternationBranch" enabled="true" level="WARNING" enabled_by_default="true" />
  <inspection_tool class="RegExpDuplicateCharacterInClass" enabled="true" level="WARNING" enabled_by_default="true" />
  <inspection_tool class="RegExpEmptyAlternationBranch" enabled="true" level="WARNING" enabled_by_default="true" />
  <inspection_tool class="RegExpEscapedMetaCharacter" enabled="true" level="INFORMATION" enabled_by_default="true" />
  <inspection_tool class="RegExpOctalEscape" enabled="true" level="INFORMATION" enabled_by_default="true" />
  <inspection_tool class="RegExpRedundantClassElement" enabled="false" level="WEAK WARNING" enabled_by_default="false" />
  <inspection_tool class="RegExpRedundantEscape" enabled="true" level="WARNING" enabled_by_default="true" />
  <inspection_tool class="RegExpRedundantNestedCharacterClass" enabled="true" level="WARNING" enabled_by_default="true" />
  <inspection_tool class="RegExpRepeatedSpace" enabled="true" level="WARNING" enabled_by_default="true" />
  <inspection_tool class="RegExpSimplifiable" enabled="false" level="WEAK WARNING" enabled_by_default="false" />
  <inspection_tool class="RegExpSingleCharAlternation" enabled="true" level="WARNING" enabled_by_default="true" />
  <inspection_tool class="RegExpSuspiciousBackref" enabled="false" level="WARNING" enabled_by_default="false" />
  <inspection_tool class="RegExpUnexpectedAnchor" enabled="true" level="WARNING" enabled_by_default="true" />
  <inspection_tool class="RegExpUnnecessaryNonCapturingGroup" enabled="true" level="WARNING" enabled_by_default="true" />
  <inspection_tool class="ReplaceAssignmentWithOperatorAssignmentJS" enabled="false" level="WARNING" enabled_by_default="false" />
  <inspection_tool class="RequiredAttributes" enabled="false" level="WARNING" enabled_by_default="false">
    <option name="myAdditionalRequiredHtmlAttributes" value="" />
  </inspection_tool>
  <inspection_tool class="ReservedWordUsedAsNameJS" enabled="false" level="WARNING" enabled_by_default="false" />
  <inspection_tool class="ReturnFromFinallyBlockJS" enabled="false" level="WARNING" enabled_by_default="false" />
  <inspection_tool class="ReuseOfLocalVariableJS" enabled="false" level="WARNING" enabled_by_default="false" />
  <inspection_tool class="RsApproxConstant" enabled="false" level="WARNING" enabled_by_default="false" />
  <inspection_tool class="RsArgumentNaming" enabled="false" level="WARNING" enabled_by_default="false" />
  <inspection_tool class="RsAssertEqual" enabled="false" level="WEAK WARNING" enabled_by_default="false" />
  <inspection_tool class="RsAssignToImmutable" enabled="false" level="ERROR" enabled_by_default="false" />
  <inspection_tool class="RsAssocTypeNaming" enabled="false" level="WARNING" enabled_by_default="false" />
  <inspection_tool class="RsAttrWithoutParentheses" enabled="false" level="ERROR" enabled_by_default="false" />
  <inspection_tool class="RsBareTraitObjects" enabled="false" level="WARNING" enabled_by_default="false" />
  <inspection_tool class="RsBorrowChecker" enabled="false" level="ERROR" enabled_by_default="false" />
  <inspection_tool class="RsCStringPointer" enabled="false" level="WARNING" enabled_by_default="false" />
  <inspection_tool class="RsCastToBool" enabled="false" level="ERROR" enabled_by_default="false" />
  <inspection_tool class="RsConstNaming" enabled="false" level="WARNING" enabled_by_default="false" />
  <inspection_tool class="RsConstReferStatic" enabled="false" level="ERROR" enabled_by_default="false" />
  <inspection_tool class="RsConstantConditionIf" enabled="false" level="WARNING" enabled_by_default="false" />
  <inspection_tool class="RsDanglingElse" enabled="false" level="WARNING" enabled_by_default="false" />
  <inspection_tool class="RsDeprecation" enabled="false" level="WARNING" enabled_by_default="false" />
  <inspection_tool class="RsDetachedFile" enabled="false" level="WARNING" enabled_by_default="false" />
  <inspection_tool class="RsDoubleMustUse" enabled="false" level="WEAK WARNING" enabled_by_default="false" />
  <inspection_tool class="RsDoubleNeg" enabled="false" level="WARNING" enabled_by_default="false" />
  <inspection_tool class="RsDropRef" enabled="false" level="WARNING" enabled_by_default="false" />
  <inspection_tool class="RsDuplicatedTraitMethodBinding" enabled="false" level="WEAK WARNING" enabled_by_default="false" />
  <inspection_tool class="RsEnumNaming" enabled="false" level="WARNING" enabled_by_default="false" />
  <inspection_tool class="RsEnumVariantNaming" enabled="false" level="WARNING" enabled_by_default="false" />
  <inspection_tool class="RsExperimentalChecks" enabled="false" level="ERROR" enabled_by_default="false" />
  <inspection_tool class="RsExternalLinter" enabled="false" level="ERROR" enabled_by_default="false" />
  <inspection_tool class="RsExtraSemicolon" enabled="false" level="WARNING" enabled_by_default="false" />
  <inspection_tool class="RsFieldInitShorthand" enabled="false" level="WEAK WARNING" enabled_by_default="false" />
  <inspection_tool class="RsFieldNaming" enabled="false" level="WARNING" enabled_by_default="false" />
  <inspection_tool class="RsFunctionNaming" enabled="false" level="WARNING" enabled_by_default="false" />
  <inspection_tool class="RsLifetimeNaming" enabled="false" level="WARNING" enabled_by_default="false" />
  <inspection_tool class="RsLift" enabled="false" level="WEAK WARNING" enabled_by_default="false" />
  <inspection_tool class="RsLiveness" enabled="false" level="WARNING" enabled_by_default="false" />
  <inspection_tool class="RsMacroNaming" enabled="false" level="WARNING" enabled_by_default="false" />
  <inspection_tool class="RsMainFunctionNotFound" enabled="false" level="ERROR" enabled_by_default="false" />
  <inspection_tool class="RsMethodNaming" enabled="false" level="WARNING" enabled_by_default="false" />
  <inspection_tool class="RsMissingElse" enabled="false" level="WARNING" enabled_by_default="false" />
  <inspection_tool class="RsModuleNaming" enabled="false" level="WARNING" enabled_by_default="false" />
  <inspection_tool class="RsNeedlessLifetimes" enabled="false" level="WEAK WARNING" enabled_by_default="false" />
  <inspection_tool class="RsNonExhaustiveMatch" enabled="false" level="ERROR" enabled_by_default="false" />
  <inspection_tool class="RsNonShorthandFieldPatterns" enabled="false" level="WEAK WARNING" enabled_by_default="false" />
  <inspection_tool class="RsReassignImmutable" enabled="false" level="ERROR" enabled_by_default="false" />
  <inspection_tool class="RsRedundantElse" enabled="false" level="WARNING" enabled_by_default="false" />
  <inspection_tool class="RsRedundantSemicolons" enabled="false" level="WARNING" enabled_by_default="false" />
  <inspection_tool class="RsSelfConvention" enabled="false" level="WARNING" enabled_by_default="false" />
  <inspection_tool class="RsSimplifyBooleanExpression" enabled="false" level="WARNING" enabled_by_default="false" />
  <inspection_tool class="RsSimplifyPrint" enabled="false" level="WEAK WARNING" enabled_by_default="false" />
  <inspection_tool class="RsSortImplTraitMembers" enabled="false" level="WEAK WARNING" enabled_by_default="false" />
  <inspection_tool class="RsStaticConstNaming" enabled="false" level="WARNING" enabled_by_default="false" />
  <inspection_tool class="RsStructNaming" enabled="false" level="WARNING" enabled_by_default="false" />
  <inspection_tool class="RsSuspiciousAssignment" enabled="false" level="WARNING" enabled_by_default="false" />
  <inspection_tool class="RsTraitImplementation" enabled="false" level="ERROR" enabled_by_default="false" />
  <inspection_tool class="RsTraitNaming" enabled="false" level="WARNING" enabled_by_default="false" />
  <inspection_tool class="RsTryMacro" enabled="false" level="WEAK WARNING" enabled_by_default="false" />
  <inspection_tool class="RsTypeAliasNaming" enabled="false" level="WARNING" enabled_by_default="false" />
  <inspection_tool class="RsTypeCheck" enabled="false" level="ERROR" enabled_by_default="false" />
  <inspection_tool class="RsTypeParameterNaming" enabled="false" level="WARNING" enabled_by_default="false" />
  <inspection_tool class="RsUnknownCrateTypes" enabled="false" level="ERROR" enabled_by_default="false" />
  <inspection_tool class="RsUnnecessaryQualifications" enabled="false" level="WARNING" enabled_by_default="false" />
  <inspection_tool class="RsUnreachableCode" enabled="false" level="WARNING" enabled_by_default="false" />
  <inspection_tool class="RsUnreachablePatterns" enabled="false" level="WARNING" enabled_by_default="false" />
  <inspection_tool class="RsUnresolvedReference" enabled="false" level="ERROR" enabled_by_default="false" />
  <inspection_tool class="RsUnusedImport" enabled="false" level="WARNING" enabled_by_default="false" />
  <inspection_tool class="RsUnusedMustUse" enabled="false" level="WEAK WARNING" enabled_by_default="false" />
  <inspection_tool class="RsVariableMutable" enabled="false" level="WARNING" enabled_by_default="false" />
  <inspection_tool class="RsVariableNaming" enabled="false" level="WARNING" enabled_by_default="false" />
  <inspection_tool class="RsWhileTrueLoop" enabled="false" level="WEAK WARNING" enabled_by_default="false" />
  <inspection_tool class="RsWrongAssocTypeArguments" enabled="false" level="ERROR" enabled_by_default="false" />
  <inspection_tool class="RsWrongGenericArgumentsNumber" enabled="false" level="ERROR" enabled_by_default="false" />
  <inspection_tool class="RsWrongGenericArgumentsOrder" enabled="false" level="ERROR" enabled_by_default="false" />
  <inspection_tool class="RsWrongGenericParametersNumber" enabled="false" level="ERROR" enabled_by_default="false" />
  <inspection_tool class="RsWrongLifetimeParametersNumber" enabled="false" level="ERROR" enabled_by_default="false" />
  <inspection_tool class="SSBasedInspection" enabled="true" level="WARNING" enabled_by_default="true" />
  <inspection_tool class="SassScssResolvedByNameOnly" enabled="false" level="WEAK WARNING" enabled_by_default="false" />
  <inspection_tool class="SassScssUnresolvedMixin" enabled="false" level="WARNING" enabled_by_default="false" />
  <inspection_tool class="SassScssUnresolvedPlaceholderSelector" enabled="false" level="WARNING" enabled_by_default="false" />
  <inspection_tool class="SassScssUnresolvedVariable" enabled="false" level="WARNING" enabled_by_default="false" />
  <inspection_tool class="ShellCheck" enabled="false" level="ERROR" enabled_by_default="false" />
  <inspection_tool class="ShiftOutOfRangeJS" enabled="false" level="WARNING" enabled_by_default="false" />
  <inspection_tool class="SillyAssignmentJS" enabled="false" level="WARNING" enabled_by_default="false" />
  <inspection_tool class="SpellCheckingInspection" enabled="false" level="TYPO" enabled_by_default="false">
    <option name="processCode" value="true" />
    <option name="processLiterals" value="true" />
    <option name="processComments" value="true" />
  </inspection_tool>
  <inspection_tool class="StandardJS" enabled="false" level="ERROR" enabled_by_default="false" />
  <inspection_tool class="StatementsPerFunctionJS" enabled="false" level="WARNING" enabled_by_default="false">
    <option name="m_limit" value="30" />
  </inspection_tool>
  <inspection_tool class="StringLiteralBreaksHTMLJS" enabled="false" level="WARNING" enabled_by_default="false" />
  <inspection_tool class="Stylelint" enabled="false" level="ERROR" enabled_by_default="false" />
  <inspection_tool class="SuspiciousInstanceOfGuard" enabled="false" level="WARNING" enabled_by_default="false" />
  <inspection_tool class="SuspiciousTypeOfGuard" enabled="false" level="WARNING" enabled_by_default="false" />
  <inspection_tool class="SyntaxError" enabled="true" level="ERROR" enabled_by_default="true" />
  <inspection_tool class="TailRecursionJS" enabled="false" level="WARNING" enabled_by_default="false" />
  <inspection_tool class="TaskProblemsInspection" enabled="false" level="WEAK WARNING" enabled_by_default="false" />
  <inspection_tool class="TextLabelInSwitchStatementJS" enabled="false" level="WARNING" enabled_by_default="false" />
  <inspection_tool class="ThisExpressionReferencesGlobalObjectJS" enabled="false" level="WARNING" enabled_by_default="false" />
  <inspection_tool class="ThreeNegationsPerFunctionJS" enabled="false" level="WARNING" enabled_by_default="false" />
  <inspection_tool class="ThrowFromFinallyBlockJS" enabled="false" level="WARNING" enabled_by_default="false" />
  <inspection_tool class="TodoComment" enabled="false" level="WARNING" enabled_by_default="false" />
  <inspection_tool class="TomlUnresolvedReference" enabled="false" level="WARNING" enabled_by_default="false" />
  <inspection_tool class="TrailingSpacesInProperty" enabled="false" level="WARNING" enabled_by_default="false" />
  <inspection_tool class="TrivialConditionalJS" enabled="false" level="WARNING" enabled_by_default="false" />
  <inspection_tool class="TrivialIfJS" enabled="false" level="WARNING" enabled_by_default="false" />
  <inspection_tool class="TypeScriptAbstractClassConstructorCanBeMadeProtected" enabled="false" level="WEAK WARNING" enabled_by_default="false" />
  <inspection_tool class="TypeScriptAccessibilityCheck" enabled="false" level="WEAK WARNING" enabled_by_default="false" />
  <inspection_tool class="TypeScriptCheckImport" enabled="false" level="ERROR" enabled_by_default="false" />
  <inspection_tool class="TypeScriptConfig" enabled="false" level="WARNING" enabled_by_default="false" />
  <inspection_tool class="TypeScriptDuplicateUnionOrIntersectionType" enabled="false" level="WARNING" enabled_by_default="false" />
  <inspection_tool class="TypeScriptExplicitMemberType" enabled="false" level="INFORMATION" enabled_by_default="false" />
  <inspection_tool class="TypeScriptFieldCanBeMadeReadonly" enabled="false" level="WEAK WARNING" enabled_by_default="false" />
  <inspection_tool class="TypeScriptJSXUnresolvedComponent" enabled="false" level="WEAK WARNING" enabled_by_default="false" />
  <inspection_tool class="TypeScriptLibrary" enabled="false" level="ERROR" enabled_by_default="false" />
  <inspection_tool class="TypeScriptMissingAugmentationImport" enabled="false" level="INFORMATION" enabled_by_default="false" />
  <inspection_tool class="TypeScriptMissingConfigOption" enabled="false" level="WARNING" enabled_by_default="false" />
  <inspection_tool class="TypeScriptPreferShortImport" enabled="false" level="WARNING" enabled_by_default="false" />
  <inspection_tool class="TypeScriptRedundantGenericType" enabled="false" level="WEAK WARNING" enabled_by_default="false" />
  <inspection_tool class="TypeScriptSmartCast" enabled="false" level="WARNING" enabled_by_default="false" />
  <inspection_tool class="TypeScriptSuspiciousConstructorParameterAssignment" enabled="false" level="WARNING" enabled_by_default="false" />
  <inspection_tool class="TypeScriptUMDGlobal" enabled="false" level="WEAK WARNING" enabled_by_default="false" />
  <inspection_tool class="TypeScriptUnresolvedFunction" enabled="false" level="WEAK WARNING" enabled_by_default="false" />
  <inspection_tool class="TypeScriptUnresolvedReactComponent" enabled="false" level="WEAK WARNING" enabled_by_default="false" />
  <inspection_tool class="TypeScriptUnresolvedReference" enabled="false" level="WEAK WARNING" enabled_by_default="false" />
  <inspection_tool class="TypeScriptUnresolvedVariable" enabled="false" level="WEAK WARNING" enabled_by_default="false" />
  <inspection_tool class="TypeScriptValidateGenericTypes" enabled="false" level="ERROR" enabled_by_default="false" />
  <inspection_tool class="TypeScriptValidateJSTypes" enabled="false" level="WEAK WARNING" enabled_by_default="false" />
  <inspection_tool class="TypeScriptValidateTypes" enabled="false" level="ERROR" enabled_by_default="false" />
  <inspection_tool class="TypescriptExplicitMemberType" enabled="false" level="INFORMATION" enabled_by_default="false" />
  <inspection_tool class="UnnecessaryContinueJS" enabled="false" level="WARNING" enabled_by_default="false" />
  <inspection_tool class="UnnecessaryLabelJS" enabled="false" level="WARNING" enabled_by_default="false" />
  <inspection_tool class="UnnecessaryLabelOnBreakStatementJS" enabled="false" level="WARNING" enabled_by_default="false" />
  <inspection_tool class="UnnecessaryLabelOnContinueStatementJS" enabled="false" level="WARNING" enabled_by_default="false" />
  <inspection_tool class="UnnecessaryLocalVariableJS" enabled="false" level="WARNING" enabled_by_default="false">
    <option name="m_ignoreImmediatelyReturnedVariables" value="false" />
    <option name="m_ignoreAnnotatedVariables" value="false" />
  </inspection_tool>
  <inspection_tool class="UnnecessaryReturnJS" enabled="false" level="WARNING" enabled_by_default="false" />
  <inspection_tool class="UnreachableCodeJS" enabled="false" level="WARNING" enabled_by_default="false" />
  <inspection_tool class="UnresolvedReference" enabled="false" level="ERROR" enabled_by_default="false" />
  <inspection_tool class="UnterminatedStatementJS" enabled="false" level="WARNING" enabled_by_default="false">
    <option name="ignoreSemicolonAtEndOfBlock" value="true" />
  </inspection_tool>
  <inspection_tool class="UnusedCatchParameterJS" enabled="false" level="WARNING" enabled_by_default="false">
    <option name="m_ignoreCatchBlocksWithComments" value="false" />
  </inspection_tool>
  <inspection_tool class="UnusedDefine" enabled="false" level="WARNING" enabled_by_default="false" />
  <inspection_tool class="UnusedProperty" enabled="false" level="WARNING" enabled_by_default="false" />
  <inspection_tool class="UpdateDependencyToLatestVersion" enabled="false" level="INFORMATION" enabled_by_default="false" />
  <inspection_tool class="UseEllipsisInPropertyInspection" enabled="false" level="WARNING" enabled_by_default="false" />
  <inspection_tool class="VoidExpressionJS" enabled="false" level="WARNING" enabled_by_default="false" />
  <inspection_tool class="VueDataFunction" enabled="false" level="WARNING" enabled_by_default="false" />
  <inspection_tool class="VueDuplicateTag" enabled="false" level="WARNING" enabled_by_default="false" />
  <inspection_tool class="VulnerableLibrariesGlobal" enabled="false" level="WARNING" enabled_by_default="false" />
  <inspection_tool class="VulnerableLibrariesLocal" enabled="false" level="WARNING" enabled_by_default="false" />
  <inspection_tool class="W3CssValidation" enabled="false" level="WARNING" enabled_by_default="false">
    <option name="myCssVersion" value="css3svg" />
    <option name="myIgnoreVendorSpecificProperties" value="false" />
  </inspection_tool>
  <inspection_tool class="WebpackConfigHighlighting" enabled="false" level="WARNING" enabled_by_default="false" />
  <inspection_tool class="WithStatementJS" enabled="false" level="WARNING" enabled_by_default="false" />
  <inspection_tool class="WrongPropertyKeyValueDelimiter" enabled="false" level="WEAK WARNING" enabled_by_default="false" />
  <inspection_tool class="XHTMLIncompatabilitiesJS" enabled="false" level="WARNING" enabled_by_default="false" />
  <inspection_tool class="XmlDefaultAttributeValue" enabled="false" level="WARNING" enabled_by_default="false" />
  <inspection_tool class="XmlDeprecatedElement" enabled="false" level="WARNING" enabled_by_default="false" />
  <inspection_tool class="XmlDuplicatedId" enabled="false" level="ERROR" enabled_by_default="false" />
  <inspection_tool class="XmlHighlighting" enabled="false" level="ERROR" enabled_by_default="false" />
  <inspection_tool class="XmlInvalidId" enabled="false" level="ERROR" enabled_by_default="false" />
  <inspection_tool class="XmlPathReference" enabled="false" level="ERROR" enabled_by_default="false" />
  <inspection_tool class="XmlUnboundNsPrefix" enabled="false" level="WARNING" enabled_by_default="false" />
  <inspection_tool class="XmlUnusedNamespaceDeclaration" enabled="false" level="WARNING" enabled_by_default="false" />
  <inspection_tool class="XmlWrongRootElement" enabled="false" level="ERROR" enabled_by_default="false" />
  <inspection_tool class="YAMLDuplicatedKeys" enabled="true" level="ERROR" enabled_by_default="true" />
  <inspection_tool class="YAMLRecursiveAlias" enabled="true" level="ERROR" enabled_by_default="true" />
  <inspection_tool class="YAMLSchemaDeprecation" enabled="true" level="WEAK WARNING" enabled_by_default="true" />
  <inspection_tool class="YAMLSchemaValidation" enabled="true" level="WARNING" enabled_by_default="true" />
  <inspection_tool class="YAMLUnresolvedAlias" enabled="true" level="ERROR" enabled_by_default="true" />
  <inspection_tool class="YAMLUnusedAnchor" enabled="true" level="WARNING" enabled_by_default="true" />
</profile>