<keymap version="1" name="MySetting" parent="Mac OS X 10.5+">
  <action id="$Cut" />
  <action id="ActivateBookmarksToolWindow" />
  <action id="ActivateCodeiumChatToolWindow">
    <keyboard-shortcut first-keystroke="meta back_slash" />
  </action>
  <action id="ActivateCommitToolWindow" />
  <action id="ActivateDebugToolWindow" />
  <action id="ActivateFavoritesToolWindow" />
  <action id="ActivateFindToolWindow" />
  <action id="ActivateNxDepGraphToolWindow">
    <keyboard-shortcut first-keystroke="f11" />
  </action>
  <action id="ActivateNxToolWindow">
    <keyboard-shortcut first-keystroke="f12" />
  </action>
  <action id="ActivateProblemsViewToolWindow" />
  <action id="ActivateRunToolWindow" />
  <action id="ActivateStructureToolWindow">
    <keyboard-shortcut first-keystroke="alt 2" />
  </action>
  <action id="ActivateTerminalToolWindow">
    <keyboard-shortcut first-keystroke="ctrl back_slash" />
  </action>
  <action id="ActivateVersionControlToolWindow" />
  <action id="AddToFavoritesPopup" />
  <action id="Annotate">
    <keyboard-shortcut first-keystroke="ctrl g" second-keystroke="left" />
  </action>
  <action id="Arrangement.Alias.Rule.Add">
    <keyboard-shortcut first-keystroke="shift meta n" />
  </action>
  <action id="Arrangement.Rule.Add">
    <keyboard-shortcut first-keystroke="shift meta n" />
  </action>
  <action id="Arrangement.Rule.Edit" />
  <action id="Arrangement.Rule.Group.Condition.Move.Down" />
  <action id="Arrangement.Rule.Match.Condition.Move.Down" />
  <action id="Arrangement.Rule.Match.Condition.Move.Up" />
  <action id="AutoIndentLines" />
  <action id="Back">
    <keyboard-shortcut first-keystroke="meta open_bracket" />
    <keyboard-shortcut first-keystroke="meta alt left" />
  </action>
  <action id="BookmarksView.Create" />
  <action id="BookmarksView.Rename" />
  <action id="CWMHostShowPopupAction" />
  <action id="ChangeSignature" />
  <action id="ChangesView.AddUnversioned" />
  <action id="ChangesView.Move" />
  <action id="ChangesView.Rename" />
  <action id="ChangesView.Revert" />
  <action id="ChangesView.SetDefault" />
  <action id="ChangesView.ShelveSilently" />
  <action id="ChangesView.UnshelveSilently" />
  <action id="CheckinProject">
    <keyboard-shortcut first-keystroke="ctrl g" second-keystroke="ctrl c" />
  </action>
  <action id="ChooseDebugConfiguration" />
  <action id="ChooseRunConfiguration" />
  <action id="ClassNameCompletion" />
  <action id="CloseActiveTab" />
  <action id="CloseProject">
    <keyboard-shortcut first-keystroke="shift meta w" />
  </action>
  <action id="CodeCompletion" />
  <action id="CodeCompletionGroup">
    <keyboard-shortcut first-keystroke="ctrl i" />
  </action>
  <action id="CodeGlance.disable" />
  <action id="CodeGlance.toggle" />
  <action id="CodeInspection.OnEditor" />
  <action id="CollapseAllRegions">
    <keyboard-shortcut first-keystroke="ctrl meta minus" />
  </action>
  <action id="CollapseBlock" />
  <action id="CollapseExpandableComponent" />
  <action id="CollapseRegion">
    <keyboard-shortcut first-keystroke="ctrl minus" />
  </action>
  <action id="CollapseRegionRecursively" />
  <action id="CollapseSelection" />
  <action id="CollapseTreeNode" />
  <action id="CompareTwoFiles" />
  <action id="Console.Execute" />
  <action id="Console.Execute.Multiline" />
  <action id="Console.History.Browse" />
  <action id="Console.Open" />
  <action id="Console.TableResult.ColumnVisibility" />
  <action id="ContextHelp" />
  <action id="CopyAbsolutePath">
    <keyboard-shortcut first-keystroke="shift alt c" />
  </action>
  <action id="CopyElement" />
  <action id="CopyFileName">
    <keyboard-shortcut first-keystroke="shift meta c" />
  </action>
  <action id="CopyPaths" />
  <action id="CopyReference" />
  <action id="CopyReferencePopupGroup">
    <keyboard-shortcut first-keystroke="shift meta c" />
  </action>
  <action id="CopyThenJumpPaste" />
  <action id="Debug" />
  <action id="DebugClass" />
  <action id="Diff.ShowDiff" />
  <action id="Diff.ShowSettingsPopup" />
  <action id="Diff.ShowStandaloneDiff">
    <keyboard-shortcut first-keystroke="meta 0" />
  </action>
  <action id="DirDiffMenu.SynchronizeDiff.All" />
  <action id="DomCollectionControl.Add" />
  <action id="DomElementsTreeView.AddElement" />
  <action id="DumpLookupElementWeights" />
  <action id="DumpMLCompletionFeatures" />
  <action id="DuplicatesForm.SendToLeft" />
  <action id="DuplicatesForm.SendToRight" />
  <action id="EditBreakpoint" />
  <action id="EditSource" />
  <action id="EditSourceInNewWindow" />
  <action id="Editor Copy">
    <keyboard-shortcut first-keystroke="meta c" />
  </action>
  <action id="EditorAddCaretPerSelectedLine" />
  <action id="EditorAddRectangularSelectionOnMouseDrag" />
  <action id="EditorBackwardParagraph">
    <keyboard-shortcut first-keystroke="alt p" />
  </action>
  <action id="EditorBackwardParagraphWithSelection">
    <keyboard-shortcut first-keystroke="shift alt p" />
  </action>
  <action id="EditorChooseLookupItemDot" />
  <action id="EditorCloneCaretAbove">
    <keyboard-shortcut first-keystroke="ctrl meta up" />
  </action>
  <action id="EditorCloneCaretBelow">
    <keyboard-shortcut first-keystroke="ctrl meta down" />
  </action>
  <action id="EditorCodeBlockEnd" />
  <action id="EditorCodeBlockEndWithSelection">
    <keyboard-shortcut first-keystroke="shift meta down" />
  </action>
  <action id="EditorCodeBlockStart" />
  <action id="EditorCodeBlockStartWithSelection">
    <keyboard-shortcut first-keystroke="shift meta up" />
  </action>
  <action id="EditorCompleteStatement" />
  <action id="EditorContextInfo">
    <keyboard-shortcut first-keystroke="ctrl 9" />
  </action>
  <action id="EditorCreateRectangularSelection">
    <mouse-shortcut keystroke="meta button1" />
  </action>
  <action id="EditorCreateRectangularSelectionOnMouseDrag" />
  <action id="EditorCut" />
  <action id="EditorCutLineBackward">
    <keyboard-shortcut first-keystroke="ctrl w" />
  </action>
  <action id="EditorDecreaseFontSizeGlobal" />
  <action id="EditorDelete">
    <keyboard-shortcut first-keystroke="delete" />
    <keyboard-shortcut first-keystroke="ctrl o" />
  </action>
  <action id="EditorDown">
    <keyboard-shortcut first-keystroke="down" />
  </action>
  <action id="EditorDownWithSelection">
    <keyboard-shortcut first-keystroke="shift down" />
    <keyboard-shortcut first-keystroke="ctrl meta n" />
  </action>
  <action id="EditorFocusGutter" />
  <action id="EditorForwardParagraph">
    <keyboard-shortcut first-keystroke="alt n" />
  </action>
  <action id="EditorForwardParagraphWithSelection">
    <keyboard-shortcut first-keystroke="shift alt n" />
  </action>
  <action id="EditorJoinLines" />
  <action id="EditorLeftWithSelection">
    <keyboard-shortcut first-keystroke="shift left" />
    <keyboard-shortcut first-keystroke="ctrl meta b" />
  </action>
  <action id="EditorLineEnd">
    <keyboard-shortcut first-keystroke="meta right" />
    <keyboard-shortcut first-keystroke="ctrl e" />
  </action>
  <action id="EditorLineEndWithSelection">
    <keyboard-shortcut first-keystroke="shift meta right" />
    <keyboard-shortcut first-keystroke="ctrl meta e" />
  </action>
  <action id="EditorLineStart">
    <keyboard-shortcut first-keystroke="meta left" />
    <keyboard-shortcut first-keystroke="ctrl a" />
  </action>
  <action id="EditorLineStartWithSelection">
    <keyboard-shortcut first-keystroke="shift meta left" />
    <keyboard-shortcut first-keystroke="ctrl meta a" />
  </action>
  <action id="EditorLookupDown" />
  <action id="EditorLookupUp" />
  <action id="EditorMoveDownAndScroll">
    <keyboard-shortcut first-keystroke="ctrl d" />
  </action>
  <action id="EditorMoveDownAndScrollWithSelection">
    <keyboard-shortcut first-keystroke="ctrl meta v" />
  </action>
  <action id="EditorMoveToPageBottom" />
  <action id="EditorMoveToPageBottomWithSelection" />
  <action id="EditorMoveToPageTop">
    <keyboard-shortcut first-keystroke="alt 1" />
  </action>
  <action id="EditorMoveToPageTopWithSelection" />
  <action id="EditorMoveUpAndScroll">
    <keyboard-shortcut first-keystroke="ctrl u" />
  </action>
  <action id="EditorMoveUpAndScrollWithSelection">
    <keyboard-shortcut first-keystroke="shift page_up" />
  </action>
  <action id="EditorNextWordWithSelection">
    <keyboard-shortcut first-keystroke="meta alt f" />
  </action>
  <action id="EditorPageDownWithSelection" />
  <action id="EditorPageUpWithSelection" />
  <action id="EditorPaste">
    <keyboard-shortcut first-keystroke="meta v" />
  </action>
  <action id="EditorPasteFromX11" />
  <action id="EditorPasteSimple" />
  <action id="EditorPreviousWord">
    <keyboard-shortcut first-keystroke="alt left" />
  </action>
  <action id="EditorPreviousWordWithSelection">
    <keyboard-shortcut first-keystroke="meta alt b" />
  </action>
  <action id="EditorRightWithSelection">
    <keyboard-shortcut first-keystroke="shift right" />
    <keyboard-shortcut first-keystroke="ctrl meta f" />
  </action>
  <action id="EditorScrollBottom">
    <keyboard-shortcut first-keystroke="meta down" />
    <keyboard-shortcut first-keystroke="ctrl x" second-keystroke="close_bracket" />
  </action>
  <action id="EditorScrollToCenter">
    <keyboard-shortcut first-keystroke="ctrl x" second-keystroke="l" />
  </action>
  <action id="EditorScrollTop">
    <keyboard-shortcut first-keystroke="meta up" />
    <keyboard-shortcut first-keystroke="ctrl x" second-keystroke="open_bracket" />
  </action>
  <action id="EditorSelectLine">
    <keyboard-shortcut first-keystroke="ctrl meta enter" />
  </action>
  <action id="EditorSelectSingleLineAtCaret">
    <keyboard-shortcut first-keystroke="ctrl l" />
  </action>
  <action id="EditorSelectWord" />
  <action id="EditorShowGutterIconTooltip" />
  <action id="EditorSplitLine" />
  <action id="EditorStartNewLineBefore">
    <keyboard-shortcut first-keystroke="ctrl j" />
  </action>
  <action id="EditorTextEnd" />
  <action id="EditorTextEndWithSelection" />
  <action id="EditorTextStart" />
  <action id="EditorTextStartWithSelection" />
  <action id="EditorToggleCase" />
  <action id="EditorToggleColumnMode" />
  <action id="EditorUnSelectWord" />
  <action id="EditorUnindentSelection" />
  <action id="EditorUp">
    <keyboard-shortcut first-keystroke="up" />
  </action>
  <action id="EditorUpWithSelection">
    <keyboard-shortcut first-keystroke="shift up" />
    <keyboard-shortcut first-keystroke="ctrl meta p" />
  </action>
  <action id="EmmetNextEditPoint" />
  <action id="EmmetPreviousEditPoint" />
  <action id="EmojiAndSymbols" />
  <action id="EvaluateExpression" />
  <action id="ExpandAllRegions">
    <keyboard-shortcut first-keystroke="ctrl meta equals" />
  </action>
  <action id="ExpandRegion">
    <keyboard-shortcut first-keystroke="ctrl equals" />
  </action>
  <action id="ExpandRegionRecursively" />
  <action id="ExportToTextFile" />
  <action id="ExpressionTypeInfo">
    <keyboard-shortcut first-keystroke="ctrl meta i" />
  </action>
  <action id="ExternalSystem.ProjectRefreshAction" />
  <action id="ExtractMethod" />
  <action id="FileChooser.GotoDesktop" />
  <action id="FileChooser.GotoHome" />
  <action id="FileChooser.GotoModule" />
  <action id="FileChooser.GotoProject" />
  <action id="FileChooser.NewFolder">
    <keyboard-shortcut first-keystroke="shift meta n" />
  </action>
  <action id="FileChooser.TogglePathBar" />
  <action id="FileChooser.TogglePathShowing" />
  <action id="FileStructurePopup">
    <keyboard-shortcut first-keystroke="meta 6" />
  </action>
  <action id="FindNext" />
  <action id="FindPrevWordAtCaret">
    <keyboard-shortcut first-keystroke="shift meta h" />
  </action>
  <action id="FindPrevious" />
  <action id="FindUsages" />
  <action id="FindUsagesInFile" />
  <action id="FlowJSShowErrorDetailsAction">
    <keyboard-shortcut first-keystroke="shift meta space" />
  </action>
  <action id="FoldingGroup">
    <keyboard-shortcut first-keystroke="ctrl x" second-keystroke="right" />
  </action>
  <action id="ForceRunToCursor" />
  <action id="ForceStepInto" />
  <action id="ForceStepOver" />
  <action id="Forward">
    <keyboard-shortcut first-keystroke="meta close_bracket" />
    <keyboard-shortcut first-keystroke="meta alt right" />
  </action>
  <action id="FullyExpandTreeNode" />
  <action id="Generate" />
  <action id="Generate.Missing.Members.ES6" />
  <action id="Generate.Missing.Members.TypeScript" />
  <action id="Git.Commit.And.Push.Executor" />
  <action id="Git.New.Branch.In.Log" />
  <action id="Git.Rename.Local.Branch" />
  <action id="Git.Reword.Commit" />
  <action id="Git.SelectInGitLog">
    <keyboard-shortcut first-keystroke="ctrl g" second-keystroke="ctrl l" />
  </action>
  <action id="GitToolBox.BlameDetails" />
  <action id="GotoAction">
    <keyboard-shortcut first-keystroke="meta p" />
  </action>
  <action id="GotoBookmark0" />
  <action id="GotoBookmark1" />
  <action id="GotoBookmark2" />
  <action id="GotoBookmark3" />
  <action id="GotoBookmark4" />
  <action id="GotoBookmark5" />
  <action id="GotoBookmark6" />
  <action id="GotoBookmark7" />
  <action id="GotoBookmark8" />
  <action id="GotoBookmark9" />
  <action id="GotoChangedFile" />
  <action id="GotoClass" />
  <action id="GotoCustomRegion" />
  <action id="GotoDeclaration">
    <keyboard-shortcut first-keystroke="meta b" />
    <mouse-shortcut keystroke="button2" />
  </action>
  <action id="GotoFile">
    <keyboard-shortcut first-keystroke="meta o" />
  </action>
  <action id="GotoImplementation">
    <keyboard-shortcut first-keystroke="alt i" />
  </action>
  <action id="GotoNextElementUnderCaretUsage">
    <keyboard-shortcut first-keystroke="meta g" />
  </action>
  <action id="GotoNextError" />
  <action id="GotoPrevElementUnderCaretUsage">
    <keyboard-shortcut first-keystroke="shift meta g" />
  </action>
  <action id="GotoPreviousError" />
  <action id="GotoRelated" />
  <action id="GotoRow" />
  <action id="GotoSuperMethod" />
  <action id="GotoSymbol">
    <keyboard-shortcut first-keystroke="shift meta o" />
  </action>
  <action id="GotoTest" />
  <action id="GotoTypeDeclaration">
    <keyboard-shortcut first-keystroke="meta t" />
  </action>
  <action id="GotoUrlAction" />
  <action id="Graph.ApplyCurrentLayout" />
  <action id="Graph.DistributeNodes.Horizontally" />
  <action id="Graph.RouteEdges" />
  <action id="HideActiveWindow">
    <keyboard-shortcut first-keystroke="ctrl x" second-keystroke="ctrl c" />
  </action>
  <action id="HideAllWindows" />
  <action id="HighlightUsagesInFile">
    <keyboard-shortcut first-keystroke="shift meta u" />
  </action>
  <action id="HippieBackwardCompletion" />
  <action id="HippieCompletion" />
  <action id="Images.EditExternally" />
  <action id="Images.Editor.ActualSize" />
  <action id="Images.Editor.ToggleGrid" />
  <action id="Images.Thumbnails.EnterAction" />
  <action id="Images.Thumbnails.Hide" />
  <action id="Images.Thumbnails.ToggleRecursive" />
  <action id="Images.Thumbnails.UpFolder" />
  <action id="ImplementMethods" />
  <action id="Inline" />
  <action id="InsertLiveTemplate" />
  <action id="IntentionActionAsAction_com.intellij.codeInsight.daemon.impl.analysis.RemoveTagAndPromoteChildrenIntentionAction">
    <keyboard-shortcut first-keystroke="alt d" />
  </action>
  <action id="IntroduceField" />
  <action id="IntroduceVariable" />
  <action id="Javascript.Linters.EsLint.Fix">
    <keyboard-shortcut first-keystroke="ctrl space" />
  </action>
  <action id="JumpToLastWindow" />
  <action id="List-scrollUpExtendSelection" />
  <action id="MaintenanceAction" />
  <action id="Markdown.Styling.CreateLink" />
  <action id="MaximizeToolWindow" />
  <action id="MethodDown" />
  <action id="MethodHierarchy" />
  <action id="MethodHierarchy.BaseOnThisMethod" />
  <action id="MethodOverloadSwitchDown" />
  <action id="MethodOverloadSwitchUp" />
  <action id="MethodUp" />
  <action id="MinimizeCurrentWindow" />
  <action id="Move" />
  <action id="MoveElementLeft" />
  <action id="MoveElementRight" />
  <action id="MoveLineDown" />
  <action id="MoveLineUp" />
  <action id="MoveStatementDown" />
  <action id="MoveStatementUp" />
  <action id="MoveTabDown">
    <keyboard-shortcut first-keystroke="ctrl x" second-keystroke="ctrl 2" />
  </action>
  <action id="MoveTabRight">
    <keyboard-shortcut first-keystroke="ctrl x" second-keystroke="ctrl 3" />
  </action>
  <action id="NewDir">
    <keyboard-shortcut first-keystroke="shift meta d" />
  </action>
  <action id="NewElement">
    <keyboard-shortcut first-keystroke="shift meta n" />
  </action>
  <action id="NewElementSamePlace" />
  <action id="NewFile">
    <keyboard-shortcut first-keystroke="meta n" />
  </action>
  <action id="NewScratchFile" />
  <action id="NewTypeScriptFile">
    <keyboard-shortcut first-keystroke="shift meta t" />
  </action>
  <action id="NextDiff" />
  <action id="NextParameter" />
  <action id="NextSplitter">
    <keyboard-shortcut first-keystroke="ctrl x" second-keystroke="o" />
  </action>
  <action id="NextTemplateVariable">
    <keyboard-shortcut first-keystroke="enter" />
  </action>
  <action id="Nx.NxExecuteGenerateTaskAction">
    <keyboard-shortcut first-keystroke="f6" />
  </action>
  <action id="Nx.NxNewGenerateActionGroup">
    <keyboard-shortcut first-keystroke="f10" />
  </action>
  <action id="NxFocusOnAppOrLib">
    <keyboard-shortcut first-keystroke="f9" />
  </action>
  <action id="NxFocusOnAppOrLibDialog">
    <keyboard-shortcut first-keystroke="f8" />
  </action>
  <action id="OpenElementInNewWindow" />
  <action id="OpenInRightSplit">
    <keyboard-shortcut first-keystroke="meta enter" />
  </action>
  <action id="OptimizeImports" />
  <action id="OverrideMethods" />
  <action id="ParameterInfo" />
  <action id="PasteMultiple" />
  <action id="PopupHector" />
  <action id="PrevParameter" />
  <action id="PrevSplitter" />
  <action id="PreviousDiff" />
  <action id="PreviousTemplateVariable" />
  <action id="ProblemsView.CopyProblemDescription">
    <keyboard-shortcut first-keystroke="meta c" />
  </action>
  <action id="ProjectViewChangeView" />
  <action id="QuickActionPopup" />
  <action id="QuickChangeScheme" />
  <action id="QuickDocCopy">
    <keyboard-shortcut first-keystroke="meta c" />
  </action>
  <action id="QuickEvaluateExpression" />
  <action id="QuickImplementations" />
  <action id="QuickJavaDoc" />
  <action id="RecentChanges" />
  <action id="RecentLocations" />
  <action id="RefactoringMenu">
    <keyboard-shortcut first-keystroke="ctrl t" />
  </action>
  <action id="Refactorings.QuickListPopupAction" />
  <action id="ReformatCode">
    <keyboard-shortcut first-keystroke="ctrl meta space" />
  </action>
  <action id="ReformatWithPrettierAction" />
  <action id="Refresh" />
  <action id="RenameElement">
    <keyboard-shortcut first-keystroke="ctrl r" />
  </action>
  <action id="Rerun" />
  <action id="RerunTests" />
  <action id="ResizeToolWindowDown" />
  <action id="ResizeToolWindowUp" />
  <action id="RestoreDefaultLayout" />
  <action id="Resume" />
  <action id="Run" />
  <action id="RunClass" />
  <action id="RunDashboard.Run" />
  <action id="RunInspection" />
  <action id="RunJsbtTask" />
  <action id="RunToCursor" />
  <action id="SavaAs" />
  <action id="SearchEverywhere">
    <keyboard-shortcut first-keystroke="shift meta p" />
  </action>
  <action id="SearchEverywhere.CompleteCommand" />
  <action id="SearchEverywhere.NavigateToNextGroup">
    <keyboard-shortcut first-keystroke="page_down" />
  </action>
  <action id="SearchEverywhere.NavigateToPrevGroup" />
  <action id="SelectAllOccurrences" />
  <action id="SelectIn" />
  <action id="SelectNextOccurrence" />
  <action id="SelectVirtualTemplateElement" />
  <action id="ServiceView.AddService">
    <keyboard-shortcut first-keystroke="shift meta n" />
  </action>
  <action id="ServiceView.GroupByContributor" />
  <action id="ServiceView.ShowServices" />
  <action id="ShelveChanges.UnshelveWithDialog" />
  <action id="ShelvedChanges.Rename" />
  <action id="ShowAffectedAction">
    <keyboard-shortcut first-keystroke="f5" />
  </action>
  <action id="ShowBookmarks">
    <keyboard-shortcut first-keystroke="ctrl x" second-keystroke="ctrl j" />
  </action>
  <action id="ShowContent" />
  <action id="ShowErrorDescription">
    <keyboard-shortcut first-keystroke="shift meta space" />
  </action>
  <action id="ShowExecutionPoint" />
  <action id="ShowFilePath" />
  <action id="ShowFilterPopup" />
  <action id="ShowIntentionActions">
    <keyboard-shortcut first-keystroke="ctrl enter" />
  </action>
  <action id="ShowNavBar" />
  <action id="ShowNxTasks">
    <keyboard-shortcut first-keystroke="f3" />
  </action>
  <action id="ShowPopupMenu">
    <keyboard-shortcut first-keystroke="ctrl x" second-keystroke="ctrl enter" />
  </action>
  <action id="ShowReformatFileDialog" />
  <action id="ShowSettingsAndFindUsages" />
  <action id="ShowTypeBookmarks">
    <keyboard-shortcut first-keystroke="ctrl m" second-keystroke="ctrl g" />
  </action>
  <action id="ShowUsages" />
  <action id="SmartStepInto" />
  <action id="SmartTypeCompletion" />
  <action id="SplitHorizontally">
    <keyboard-shortcut first-keystroke="ctrl x" second-keystroke="2" />
  </action>
  <action id="SplitVertically">
    <keyboard-shortcut first-keystroke="ctrl x" second-keystroke="3" />
  </action>
  <action id="StepInto" />
  <action id="StepOut" />
  <action id="StepOver" />
  <action id="Stop" />
  <action id="StopBackgroundProcesses" />
  <action id="SurroundWith">
    <keyboard-shortcut first-keystroke="ctrl x" second-keystroke="r" />
  </action>
  <action id="SurroundWithLiveTemplate">
    <keyboard-shortcut first-keystroke="ctrl s" />
  </action>
  <action id="SwitchCoverage" />
  <action id="Synchronize" />
  <action id="Table-scrollDownExtendSelection">
    <keyboard-shortcut first-keystroke="shift page_down" />
  </action>
  <action id="Terminal.ClearBuffer" />
  <action id="Terminal.CopySelectedText">
    <keyboard-shortcut first-keystroke="meta insert" />
  </action>
  <action id="Terminal.MoveToEditor">
    <keyboard-shortcut first-keystroke="escape" />
  </action>
  <action id="Terminal.NextSplitter" />
  <action id="Terminal.Paste">
    <keyboard-shortcut first-keystroke="meta v" />
  </action>
  <action id="Terminal.PrevSplitter" />
  <action id="Terminal.SmartCommandExecution.Debug" />
  <action id="Terminal.SmartCommandExecution.Run" />
  <action id="TodoViewGroupByFlattenPackage" />
  <action id="TodoViewGroupByShowModules" />
  <action id="TodoViewGroupByShowPackages" />
  <action id="ToggleBookmark">
    <keyboard-shortcut first-keystroke="ctrl x" second-keystroke="ctrl t" />
  </action>
  <action id="ToggleBookmark0" />
  <action id="ToggleBookmark1" />
  <action id="ToggleBookmark2" />
  <action id="ToggleBookmark3" />
  <action id="ToggleBookmark4" />
  <action id="ToggleBookmark5" />
  <action id="ToggleBookmark6" />
  <action id="ToggleBookmark7" />
  <action id="ToggleBookmark8" />
  <action id="ToggleBookmark9" />
  <action id="ToggleBookmarkWithMnemonic">
    <keyboard-shortcut first-keystroke="meta m" second-keystroke="meta m" />
  </action>
  <action id="ToggleFindInSelection" />
  <action id="ToggleFullScreen" />
  <action id="ToggleLineBreakpoint" />
  <action id="ToggleRenderedDocPresentation" />
  <action id="ToggleTemporaryLineBreakpoint" />
  <action id="Tree-scrollDownExtendSelection">
    <keyboard-shortcut first-keystroke="shift page_down" />
  </action>
  <action id="Tree-scrollUpExtendSelection" />
  <action id="TypeHierarchy" />
  <action id="Uml.CollapseNodes" />
  <action id="Uml.ExpandNodes" />
  <action id="Uml.NewElement">
    <keyboard-shortcut first-keystroke="shift meta n" />
  </action>
  <action id="UnselectPreviousOccurrence" />
  <action id="UnsplitAll">
    <keyboard-shortcut first-keystroke="ctrl x" second-keystroke="1" />
  </action>
  <action id="Unwrap">
    <keyboard-shortcut first-keystroke="ctrl x" second-keystroke="ctrl r" />
  </action>
  <action id="UpdateRunningApplication" />
  <action id="UsageFiltering.Imports" />
  <action id="UsageFiltering.ReadAccess" />
  <action id="UsageFiltering.WriteAccess" />
  <action id="UsageGrouping.DirectoryStructure" />
  <action id="UsageGrouping.FileStructure">
    <keyboard-shortcut first-keystroke="meta 3" />
  </action>
  <action id="UsageGrouping.FlattenModules" />
  <action id="UsageGrouping.Module" />
  <action id="UsageView.Include" />
  <action id="UsageView.ShowRecentFindUsages" />
  <action id="Vcs.Log.AnnotateRevisionAction" />
  <action id="Vcs.Log.FocusTextFilter" />
  <action id="Vcs.Log.ShowTooltip">
    <keyboard-shortcut first-keystroke="meta 9" />
  </action>
  <action id="Vcs.MoveChangedLinesToChangelist" />
  <action id="Vcs.Push" />
  <action id="Vcs.QuickListPopupAction" />
  <action id="Vcs.RollbackChangedLines" />
  <action id="Vcs.ShowMessageHistory" />
  <action id="Vcs.ShowTabbedFileHistory">
    <keyboard-shortcut first-keystroke="ctrl g" second-keystroke="ctrl h" />
  </action>
  <action id="Vcs.ToggleAmendCommitMode" />
  <action id="Vcs.UpdateProject" />
  <action id="VcsHistory.ShowAllAffected" />
  <action id="VcsShowNextChangeMarker" />
  <action id="VcsShowPrevChangeMarker" />
  <action id="ViewBreakpoints" />
  <action id="XDebugger.AttachToProcess" />
  <action id="XDebugger.CopyValue">
    <keyboard-shortcut first-keystroke="meta c" />
  </action>
  <action id="XDebugger.JumpToSource" />
  <action id="XDebugger.JumpToTypeSource" />
  <action id="XDebugger.SetValue" />
  <action id="XPathView.Actions.Evaluate" />
  <action id="XPathView.Actions.FindByExpression" />
  <action id="XPathView.Actions.ShowPath" />
  <action id="ZoomCurrentWindow" />
  <action id="addQuickAction.Git.History">
    <keyboard-shortcut first-keystroke="ctrl g" second-keystroke="ctrl h" />
  </action>
  <action id="com.github.iguissouma.nxconsole.plugins.NxShowNxDevToolsSettingsAction">
    <keyboard-shortcut first-keystroke="f7" />
  </action>
  <action id="com.intellij.ide.actions.searcheverywhere.ml.actions.OpenFeaturesInScratchFileAction" />
  <action id="com.intellij.lang.jsgraphql.v1.ide.actions.JSGraphQLExecuteEditorAction" />
  <action id="context.clear" />
  <action id="copilot.chat.show">
    <keyboard-shortcut first-keystroke="meta back_slash" />
  </action>
  <action id="copilot.cycleNextInlays">
    <keyboard-shortcut first-keystroke="ctrl close_bracket" />
  </action>
  <action id="copilot.cyclePrevInlays">
    <keyboard-shortcut first-keystroke="ctrl open_bracket" />
  </action>
  <action id="copilot.enableCopilot">
    <keyboard-shortcut first-keystroke="ctrl semicolon" />
  </action>
  <action id="copilot.requestCompletions">
    <keyboard-shortcut first-keystroke="alt a" />
  </action>
  <action id="emacsIDEAs.AceJumpMove.Group" />
  <action id="nx.refactoring.delete">
    <keyboard-shortcut first-keystroke="f4" />
  </action>
  <action id="org.intellij.plugins.markdown.ui.actions.styling.InsertImageAction" />
  <action id="org.intellij.plugins.markdown.ui.actions.styling.MarkdownCreateLinkAction" />
  <action id="org.intellij.plugins.markdown.ui.actions.styling.ToggleBoldAction" />
  <action id="org.intellij.plugins.markdown.ui.actions.styling.ToggleCodeSpanAction" />
  <action id="org.intellij.plugins.markdown.ui.actions.styling.ToggleItalicAction" />
  <action id="org.intellij.plugins.markdown.ui.actions.styling.ToggleStrikethroughAction" />
  <action id="tasks.close" />
  <action id="tasks.goto" />
</keymap>